Drug_num,Target Uniprot ID,Score,Rank,ID,NUM,SMILES (standardized),Name,CAS,Formula
AUTOGEN_DRUG_1019,P51449,2.84948,3,T16943,1019,CC[C@@H](C(C)C)CC[C@H]([C@H]1CC[C@@H]2[C@]1(C)CC[C@H]1[C@H]2CC[C@@H]2[C@]1(C)CC[C@@H](C2)O)C,Stigmastanol,83-45-4,C29H52O
AUTOGEN_DRUG_1054,P51449,2.84948,6,T6430,1054,O[C@H]1CCC(=C)/C(=C\C=C\2/CCC[C@]3([C@H]2CC[C@@H]3[C@@H](CCCC(O)(C)C)C)C)/C1,Calcifediol,19356-17-3,C27H44O2
AUTOGEN_DRUG_1211,P51449,2.84948,5,TN5031,1211,CCC(C(C)C)CCC(C1CCC2C1(C)CCC1C2CCC2=CC(=O)CCC12C)C,Sitostenone,1058-61-3,C29H48O
AUTOGEN_DRUG_2282,P51449,2.84948,4,T4923,2282,CC(CCC[C@H]([C@H]1CC[C@@H]2[C@]1(C)CC[C@H]1C2=CC=C2[C@]1(C)CC[C@@H](C2)O)C)C,7-Dehydrocholesterol,434-16-2,C27H44O
AUTOGEN_DRUG_732,P51449,2.84948,5,TN6715,732,CC(CCC[C@H]([C@H]1CC[C@@H]2[C@]1(C)CC[C@H]1[C@H]2C(=O)C=C2[C@]1(C)CC[C@@H](C2)O)C)C,7-Ketocholesterol,566-28-9,C27H44O2
AUTOGEN_DRUG_1139,P51449,2.77423,5,T3S1251,1139,O[C@H]1C[C@@H](O)[C@]2(C(=CC[C@@H]3[C@@H]2CC[C@]2([C@H]3C[C@H]3[C@@H]2[C@H](C)[C@]2(O3)CCC(=C)CO2)C)C1)C,Neoruscogenin,17676-33-4,C27H40O4
AUTOGEN_DRUG_1149,P51449,2.77423,5,TN6736,1149,CC(CCC[C@H]([C@H]1CC[C@@]2([C@]1(C)CCC1=C2CC[C@@H]2[C@]1(C)CC[C@@H](C2(C)C)O)C)C)C,Dihydrolanosterol,79-62-9,C30H52O
AUTOGEN_DRUG_1153,P51449,2.77423,4,T8184,1153,C/C=C(/C(C)C)\CC[C@H]([C@H]1CC[C@@H]2[C@]1(C)CC[C@H]1[C@H]2CC=C2[C@]1(C)CC[C@@H](C2)O)C,Fucosterol,17605-67-3,C29H48O
AUTOGEN_DRUG_1154,P51449,2.77423,4,T6S1256,1154,C[C@@H]1CC[C@@]2(OC1)O[C@@H]1[C@H]([C@@H]2C)[C@@]2([C@@H](C1)[C@@H]1CC=C3[C@]([C@H]1CC2)(C)[C@H](O)C[C@@H](C3)O)C,Ruscogenin,472-11-7,C27H42O4
AUTOGEN_DRUG_1198,P51449,2.77423,4,T3871,1198,CC[C@@H](C(C)C)CC[C@H]([C@H]1CC[C@@H]2[C@]1(C)CC[C@H]1[C@H]2CC=C2[C@]1(C)CC[C@@H](C2)O[C@@H]1O[C@H](CO)[C@H]([C@@H]([C@H]1O)O)O)C,Sitogluside,474-58-8,C35H60O6
AUTOGEN_DRUG_1293,P51449,2.77423,5,T3S1513,1293,CC(=CCC[C@]([C@H]1CC[C@@]2([C@@H]1[C@H](O)C[C@H]1[C@@]2(C)CC[C@@H]2[C@]1(C)CC[C@@H](C2(C)C)O)C)(O)C)C,(20R)-Protopanaxdiol,7755/1/3,C30H52O3
AUTOGEN_DRUG_1374,P51449,2.77423,4,T17280,1374,C/C=C/1\C(=O)C[C@@H]2[C@]1(C)CC[C@H]1[C@H]2CCC2=CC(=O)CC[C@]12C,(Z)-Guggulsterone,39025-23-5,C21H28O2
AUTOGEN_DRUG_1381,P51449,2.77423,3,T4036,1381,C[C@@H]1CC[C@@]2(NC1)O[C@@H]1[C@H]([C@@H]2C)[C@@]2([C@@H](C1)[C@@H]1CC=C3[C@]([C@H]1CC2)(C)CC[C@@H](C3)O)C,Solasodine,126-17-0,C27H43NO2
AUTOGEN_DRUG_1484,P51449,2.77423,4,T8043,1484,CC(CCC[C@H]([C@H]1CC[C@@H]2[C@]1(C)CC[C@H]1[C@H]2CC[C@@H]2[C@]1(C)CCCC2)C)C,5¦Á-Cholestane,481-21-0,C27H48
AUTOGEN_DRUG_1527,P51449,2.77423,6,T20712,1527,CN([C@@H]1CC[C@@]2(C(=CC[C@@H]3[C@H]2CC[C@]24[C@@H]3CC[C@H]4[C@H](N(C2)C)C)C1)C)C,Conessine,546-06-5,C24H40N2
AUTOGEN_DRUG_1602,P51449,2.77423,4,T13518,1602,O[C@H]1CC[C@]2([C@H](C1)[C@@H](O)C[C@@H]1[C@@H]2CC[C@]2([C@H]1CC[C@@H]2C(=O)C)C)C,"5¦Á-Pregnane-3¦Â,6¦Á-diol-20-one",21853-11-2,C21H34O3
AUTOGEN_DRUG_1707,P51449,2.77423,3,T7628,1707,OC1CCC2(C(=CCC3C2CCC2(C3CCC2C(CCC(=O)O)C)C)C1)C,3b-Hydroxy-5-cholenoic acid,5255-17-4,C24H38O3
AUTOGEN_DRUG_1712,P51449,2.77423,5,T19237,1712,CCCCCCCC/C=C\CCCCCCCC(=O)O[C@H]1CC[C@]2(C(=CC[C@@H]3[C@@H]2CC[C@]2([C@H]3CC[C@@H]2[C@@H](CCCC(C)C)C)C)C1)C,Cholesteryl oleate,303-43-5,C45H78O2
AUTOGEN_DRUG_1738,P51449,2.77423,2,T8516,1738,CC(=CCC[C@@]([C@H]1CCC(=CC1)C)(O)C)C,Levomenol,23089-26-1,C15H26O
AUTOGEN_DRUG_1782,P51449,2.77423,5,T2799,1782,CC(=CCC[C@@]([C@H]1CC[C@@]2([C@@H]1[C@H](O)C[C@H]1[C@@]2(C)CC[C@@H]2[C@]1(C)CC[C@@H](C2(C)C)O)C)(O)C)C,(20S)-Protopanaxadiol,30636-90-9,C30H52O3
AUTOGEN_DRUG_1832,P51449,2.77423,4,T14001,1832,O=C1CC[C@]2(C(=C1)CC[C@@H]1[C@@H]2[C@@H](O)C[C@]2([C@H]1CCC2=O)C)C,11-Beta-hydroxyandrostenedione,382-44-5,C19H26O3
AUTOGEN_DRUG_1869,P51449,2.77423,4,T8094,1869,O=C1CC[C@]2(C(=C1)CC[C@@H]1[C@@H]2CC[C@]2([C@H]1CC=C2C(=O)C)C)C,16-Dehydroprogesterone,1096-38-4,C21H28O2
AUTOGEN_DRUG_1980,P51449,2.77423,6,T8295,1980,OCCC1C(C)(O)CCC2C1(C)CCCC2(C)C,Sclareol glycol,55881-96-4,C16H30O2
AUTOGEN_DRUG_2048,P51449,2.77423,5,T3033,2048,CC(=O)OCC(=O)[C@H]1CC[C@@H]2[C@]1(C)CC[C@H]1[C@H]2CCC2=CC(=O)CC[C@]12C,Deoxycorticosterone acetate,56-47-3,C23H32O4
AUTOGEN_DRUG_2084,P51449,2.77423,5,T5556,2084,O=C1CC[C@]2([C@H](C1)CC[C@@H]1[C@@H]2CC[C@]2([C@H]1CC[C@@H]2C(=O)C)C)C,"5a-Pregnane-3,20-dione",566-65-4,C21H32O2
AUTOGEN_DRUG_2093,P51449,2.77423,3,T5239,2093,CC(CCC[C@H]([C@H]1CC[C@@H]2[C@]1(C)CC[C@H]1[C@H]2CC=C2[C@]1(C)CC[C@@H](C2)OS(=O)(=O)[O-])C)C,Cholesterol 3-Sulfate Sodium Salt,2864-50-8,C27H45NaO4S
AUTOGEN_DRUG_2151,P51449,2.77423,4,T5574,2151,CC=C1C(=O)C[C@@H]2[C@]1(C)CC[C@H]1[C@H]2CCC2=CC(=O)CC[C@]12C,Guggulsterone E&Z,95975-55-6,C21H28O2??
AUTOGEN_DRUG_2249,P51449,2.77423,4,T5240,2249,CC(CCC[C@H]([C@H]1CC[C@@H]2[C@]1(C)CC[C@H]1[C@H]2CCC2=CC(=O)CC[C@]12C)C)C,Cholestenone,601-57-0,C27H44O
AUTOGEN_DRUG_2259,P51449,2.77423,5,T1086,2259,O[C@H]1CCC(=C)/C(=C\C=C\2/CCC[C@]3([C@H]2CC[C@@H]3[C@@H](/C=C/[C@@H](C(C)C)C)C)C)/C1,Vitamin D2,50-14-6,C28H44O
AUTOGEN_DRUG_2339,P51449,2.77423,6,T5074,2339,CCCCCCCCCCCCCCCC(=O)O[C@H]1CC[C@]2(C(=CC[C@@H]3[C@@H]2CC[C@]2([C@H]3CC[C@@H]2[C@@H](CCCC(C)C)C)C)C1)C,Cholesteryl palmitate,601-34-3,C43H76O2
AUTOGEN_DRUG_2398,P51449,2.77423,5,T5214,2398,CCCCC/C=C\C/C=C\CCCCCCCC(=O)O[C@H]1CC[C@]2(C(=CC[C@@H]3[C@@H]2CC[C@]2([C@H]3CC[C@@H]2[C@@H](CCCC(C)C)C)C)C1)C,Cholesteryl linoleate,604-33-1,C45H76O2
AUTOGEN_DRUG_2585,P51449,2.77423,4,T5594,2585,C[C@@H]1CC[C@@H]2[C@@]31CC[C@@]([C@H](C3)C2(C)C)(C)O,Cedrol,77-53-2,C15H26O
AUTOGEN_DRUG_2667,P51449,2.77423,4,T7931,2667,O=C1CC[C@]2(C(=C1)CC[C@@H]1[C@@H]2CC[C@]2([C@H]1C[C@@H]1[C@]2(O1)C(=O)C)C)C,"16a,17a-Epoxy-4-Pregnen-3,20-Dione",1097-51-4,C21H28O3 
AUTOGEN_DRUG_2689,P51449,2.77423,4,TC0025,2689,CC(=O)OC1C[C@@]2(C)C(=CC1=O)CC[C@@H]1[C@@H]2CC[C@]2([C@H]1CCC2)C,Testosterone acetate,1045-69-8,C21H30O3
AUTOGEN_DRUG_3369,P51449,2.77423,5,T0856,3369,CC(=O)O[C@H]1CC[C@]2(C(=CC[C@@H]3[C@@H]2CC[C@]2([C@H]3CCC2=O)C)C1)C,Dehydroisoandrosterone 3-acetate,853-23-6,C21H30O3
AUTOGEN_DRUG_3476,P51449,2.77423,3,TN1377,3476,CC[C@@H](C(C)C)/C=C/[C@H]([C@H]1CC[C@@H]2[C@]1(C)CC[C@H]1C2=CC[C@@H]2[C@]1(C)CC[C@@H](C2)O)C,¦Á-Spinasterol,481-18-5,C29H48O
AUTOGEN_DRUG_3546,P51449,2.77423,3,T7529,3546,C[C@H]1CC[C@@]2(OC1)O[C@@H]1[C@H]([C@@H]2C)[C@@]2([C@@H](C1)[C@@H]1CC=C3[C@]([C@H]1CC2)(C)CC[C@@H](C3)O)C,Yamogenin,512-06-1,C27H42O3
AUTOGEN_DRUG_3573,P51449,2.77423,4,T2967,3573,CC[C@@H](C(C)C)/C=C/[C@H]([C@H]1CC[C@@H]2[C@]1(C)CC[C@H]1[C@H]2CC=C2[C@]1(C)CC[C@@H](C2)O)C,Stigmasterol,83-48-7,C29H48O
AUTOGEN_DRUG_588,P51449,2.77423,9,T7024,588,O[C@H]1CC[C@]2(C(=CC[C@@]3([C@@H]2C[C@@H](OC(=O)c2ccc(cc2)O)[C@]2([C@]3(O)CC[C@@]2(O)C(=O)C)C)O)C1)C,Qingyangshengenin,84745-94-8,C28H36O8
AUTOGEN_DRUG_747,P51449,2.77423,4,T5740,747,CC1CC[C@@]2(OC1)O[C@@H]1[C@H]([C@@H]2C)[C@@]2([C@@H](C1)[C@@H]1CC=C3[C@]([C@H]1CC2)(C)[C@H](O)C[C@@H](C3)O)C,(25RS)-Ruscogenin,874485-32-2,C27H42O4??
AUTOGEN_DRUG_820,P51449,2.77423,6,T13822,820,O=C1CC2=C([C@@]3([C@H]1C[C@@H](O)[C@H](C3)O)C)CC[C@]1(C2=CC[C@@H]1[C@]([C@@H](CCC(O)(C)C)O)(O)C)C,Podecdysone B,22612-27-7,C27H42O6
AUTOGEN_DRUG_874,P51449,2.77423,11,T6S2247,874,CC(C1=C[C@H]2[C@H]([C@](CC1)(C)O)CC[C@]2(C)O)C,Alismoxide,87701-68-6,C15H26O2
AUTOGEN_DRUG_905,P51449,2.77423,3,T5701|T6S1255,905,C[C@@H]1CC[C@@]2(OC1)O[C@@H]1[C@H]([C@@H]2C)[C@@]2([C@@H](C1)[C@@H]1CC=C3[C@]([C@H]1CC2)(C)[C@@H](C[C@@H](C3)O)O[C@@H]1O[C@H](C)[C@@H]([C@@H]([C@H]1O[C@@H]1O[C@@H](C)[C@@H]([C@H]([C@H]1O)O)O)O[C@@H]1OC[C@H]([C@@H]([C@H]1O)O)O)O)C,OPHIOPOGONIN D,945619-74-9,C44H70O16
AUTOGEN_DRUG_928,P51449,2.77423,6,T3150,928,O=C(O[C@@H]1C[C@@H]2[C@@]3(C)CC[C@@H](CC3=CC[C@]2([C@@]2([C@@]1(C)[C@@](O)(CC2)C(=O)C)O)O)O)/C=C(/C(C)C)\C,Caudatin,38395-02-7,C28H42O7
AUTOGEN_DRUG_784,P51449,2.75849,9,T3768,784,O[C@H]1CC[C@H]2[C@]([C@H]1C)(C)CC[C@]1([C@@]2(C)CC[C@@]2([C@]1(C)CC[C@@]1([C@H]2CC(C)(C)CC1)C)C)C,Epifriedelanol,16844-71-6,C30H52O
AUTOGEN_DRUG_2660,P51449,2.75703,3,T5077,2660,O[C@@H]1CC[C@]2([C@@H](C1)CC[C@@H]1[C@@H]2C[C@H](O)[C@]2([C@H]1CC[C@@H]2[C@@H](CCC(=O)[O-])C)C)C,Sodium Desoxycholate,302-95-4,C24H39NaO4
AUTOGEN_DRUG_3410,P51449,2.72962,3,TN7130,3410,C[C@@H]1CC[C@@]2(OC1)O[C@@H]1[C@H]([C@@H]2C)[C@@]2([C@@H](C1)[C@@H]1C[C@H](O)[C@@H]3[C@]([C@H]1CC2)(C)CC[C@@H](C3)O)C,Chlorogenin,562-34-5,C27H44O4
AUTOGEN_DRUG_3157,P51449,2.66539,8,T3S0693,3157,OCC1=C[C@@H](O)C[C@H]2[C@]1(CC[C@H]([C@]2(C)CCC1=CC(=O)OC1)C)COC(=O)C,Blinin,125675-09-4,C22H32O6
AUTOGEN_DRUG_2340,P51449,2.65948,3,TN2349,2340,[Na]OS(=O)(=O)CCNC(=O)CC[C@H]([C@H]1CC[C@@H]2[C@]1(C)[C@@H](O)C[C@H]1[C@H]2CC[C@H]2[C@]1(C)CC[C@H](C2)O)C,Taurodeoxycholate sodium salt,1180-95-6,C26H44NNaO6S
AUTOGEN_DRUG_1920,P51449,2.60601,5,T7959,1920,O[C@H]1C[C@H]2C[C@@H]([C@@H]1C)C2(C)C,(+)-ISOPINOCAMPHEOL,24041-60-9,C10H18O
AUTOGEN_DRUG_2574,P51449,2.59961,9,T3S1858,2574,C/C(=C\C=C\C=C(\C=C\C=C(\C=C\C1=C(C)C[C@H](CC1(C)C)O)/C)/C)/C=C/C=C(/C=C/[C@H]1C(=C[C@@H](CC1(C)C)O)C)\C,Lutein,127-40-2,C40H56O2
AUTOGEN_DRUG_1228,P51449,2.59013,5,T3874,1228,OC[C@H]1O[C@@H](O[C@H]2CC[C@]3(C(=CC[C@@H]4[C@@H]3CC[C@]3([C@H]4C[C@H]4[C@@H]3[C@H](C)[C@]3(O4)CC[C@H](CO3)C)C)C2)C)[C@@H]([C@H]([C@@H]1O)O)O,Diosgenin glucoside,14144-06-0,C33H52O8
AUTOGEN_DRUG_1476,P51449,2.59013,6,T3813,1476,OC[C@H]1O[C@@H](O[C@H]2CC[C@]3([C@H](C2(C)C)CC[C@@]2([C@@H]3C[C@@H](O)[C@H]3[C@@]2(C)CC[C@@H]3[C@@](CCC=C(C)C)(O)C)C)C)[C@@H]([C@H]([C@@H]1O)O)O,(R)Ginsenoside-Rh2,112246-15-8,C36H62O8
AUTOGEN_DRUG_1515,P51449,2.59013,8,T3151,1515,O[C@H]([C@H]([C@H]1CC[C@@H]2[C@]1(C)CC[C@H]1[C@H]2COC(=O)[C@@H]2[C@]1(C)C[C@@H](O)[C@H](C2)O)C)[C@@H]([C@H](C(C)C)C)O,Brassinolide,72962-43-7,C28H48O6
AUTOGEN_DRUG_168,P51449,2.59013,8,TN2309,168,CC1=C(C)C(=O)O[C@H](C1)[C@@]([C@H]1CC[C@@H]2[C@]1(C)CC[C@H]1[C@H]2[C@@H]2O[C@@H]2[C@@]2([C@]1(C)C(=O)C=CC2)O)(O)C,Withanolide A,32911-62-9,C28H38O6
AUTOGEN_DRUG_1700,P51449,2.59013,6,T3812,1700,OC[C@H]1O[C@@H](O[C@H]2CC[C@]3([C@H](C2(C)C)CC[C@@]2([C@@H]3C[C@@H](O)[C@H]3[C@@]2(C)CC[C@@H]3[C@@](CCC=C(C)C)(O)C)C)C)[C@@H]([C@H]([C@@H]1O)O)O[C@@H]1O[C@H](CO)[C@H]([C@@H]([C@H]1O)O)O,20(R)-Propanaxadiol,38243-03-7,C42H72O13
AUTOGEN_DRUG_3206,P51449,2.59013,8,T5514,3206,O[C@H]([C@H]([C@H]1CC[C@@H]2[C@]1(C)CC[C@H]1[C@H]2COC(=O)[C@@H]2[C@]1(C)C[C@@H](O)[C@H](C2)O)C)[C@@H]([C@@H](C(C)C)C)O,Epibrassinolide,78821-43-9,C28H48O6
AUTOGEN_DRUG_357,P51449,2.59013,8,TN6909,357,CC(C(=C)C[C@H]([C@@]([C@H]1CC[C@]2([C@]1(C)CC[C@H]1C2=CC(=O)[C@H]2[C@]1(C)C[C@H](O)[C@@H](C2)O)O)(O)C)O)C,Polyporusterone B,141360-89-6,C28H44O6
AUTOGEN_DRUG_497,P51449,2.59013,9,TN2283,497,O=C1OC[C@]23[C@@H]([C@@]1(C)CCC2)CC[C@]12[C@H]3CC[C@H](C1)[C@](C2)(C)O,Tripterifordin,139122-81-9,C20H30O3
AUTOGEN_DRUG_536,P51449,2.59013,5,T5761,536,OCC1OC(OC2CCC3(C(C2(C)C)CCC2(C3CC(O)C3C2(C)CCC3C(CCC=C(C)C)(O)C)C)C)C(C(C1O)O)OC1OC(CO)C(C(C1OC1OCC(C(C1O)O)O)O)O,Notoginsenoside Ft1,155683-00-4,C47H80O17
AUTOGEN_DRUG_76,P51449,2.59013,6,TN1721,76,OC[C@H]1O[C@@H](O[C@H]2[C@H](O)C[C@]3([C@H](C2(C)C)CC[C@@]2([C@@H]3C[C@@H](O)[C@H]3[C@@]2(C)CC[C@@H]3[C@](CCC=C(C)C)(O)C)C)C)[C@@H]([C@H]([C@@H]1O)O)O[C@@H]1O[C@H](CO)[C@H]([C@@H]([C@H]1O)O)O,Gypenoside L,94987-09-4,C42H72O14
AUTOGEN_DRUG_739,P51449,2.58595,3,T4592|TMA0507,739,C[C@H]1CC[C@]2(NC1)O[C@@H]1[C@H]([C@@H]2C)[C@@]2([C@@H](C1)[C@@H]1CC[C@@H]3[C@]([C@H]1CC2)(C)CC[C@@H](C3)O)C,TOMATIDINE HYDROCHLORIDE,6192-62-7,C27H46ClNO2
AUTOGEN_DRUG_851,P51449,2.55746,8,T4S0111,851,O[C@H]1CC[C@]2([C@H](C1)[C@H](O)C[C@@H]1[C@@H]2C[C@@H]2[C@H]1CC[C@@H]1[C@H]2CN2C[C@@H](C)CC[C@H]2[C@@H]1C)C,Hupehenine,98243-57-3,C27H45NO2
AUTOGEN_DRUG_1692,P51449,2.52491,5,T4727,1692,O[C@@H]1CC[C@]2([C@@H](C1)CC[C@@H]1[C@@H]2CC[C@]2([C@H]1CC[C@@H]2[C@@H](CCC(=O)NCCS(=O)(=O)[O-])C)C)C,Sodium taurolithocholate,6042-32-6,C26H44NNaO5S
AUTOGEN_DRUG_486,P51449,2.52163,8,TN6737,486,C[C@@H]1CC[C@@]2(OC1)O[C@@H]1[C@H]([C@@H]2C)[C@@]2([C@@H](C1)[C@@H]1CCC3=CC(=O)CC[C@@]3([C@H]1CC2=O)C)C,"(25R)-Spirost-4-ene-3,12-dione",6875-60-1,C27H38O4
AUTOGEN_DRUG_1345,P51449,2.51303,7,T6S0107,1345,O[C@H]1CC[C@]2([C@H](C1)[C@@H](O)C[C@@H]1[C@@H]2C[C@@H]2[C@H]1CC[C@H]1[C@H]2CN2C[C@@H](C)CC[C@H]2[C@@]1(C)O)C,Peimine,23496-41-5,C27H45NO3
AUTOGEN_DRUG_1815,P51449,2.48901,5,T3S0895,1815,CC1CC[C@@]2(OC1)O[C@@H]1[C@H]([C@@H]2C)[C@@]2([C@@H](C1)[C@@H]1CCC3[C@]([C@H]1CC2)(C)CCC(C3)O)C,Spirostan-3-ol,82597-74-8,C27H44O3
AUTOGEN_DRUG_3508,P51449,2.48901,5,T2733,3508,C[C@H]1CC[C@@]2(OC1)O[C@@H]1[C@H]([C@@H]2C)[C@@]2([C@@H](C1)[C@@H]1CC[C@H]3[C@]([C@H]1CC2)(C)CC[C@@H](C3)O)C,Sarsasapogenin,126-19-2,C27H44O3
AUTOGEN_DRUG_1033,P51449,2.44749,7,T4035,1033,OC[C@H]1O[C@@H](O[C@H]2CC[C@]3(C(=CC[C@@H]4[C@@H]3CC[C@]3([C@H]4C[C@H]4[C@@H]3[C@H](C)[C@@]3(O4)CC[C@H](CN3)C)C)C2)C)[C@@H]([C@H]([C@@H]1O[C@@H]1O[C@@H](C)[C@@H]([C@H]([C@H]1O)O)O)O)O,Khasianine,32449-98-2,C39H63NO11
AUTOGEN_DRUG_1087,P51449,2.43966,6,T8092,1087,O[C@@H]1CC[C@]2([C@@H](C1)[C@@H](O)C[C@@H]1[C@@H]2CC[C@]2([C@H]1CC[C@@H]2[C@@H](CCC(=O)NCCS(=O)(=O)[O-])C)C)C,Taurohyodeoxycholic acid sodium salt hydrate,38411-85-7,C26H44NNaO6S??
AUTOGEN_DRUG_1183,P51449,2.42869,6,T3519,1183,OC[C@H]1O[C@@H](O[C@H]2CC[C@]3(C(=CC[C@@H]4[C@@H]3CC[C@]3([C@H]4C[C@H]4[C@@H]3[C@H](C)[C@]3(O4)CC[C@H](CO3)C)C)C2)C)[C@@H]([C@H]([C@@H]1O[C@@H]1O[C@@H](C)[C@@H]([C@H]([C@H]1O)O)O[C@@H]1O[C@@H](C)[C@@H]([C@H]([C@H]1O)O)O)O)O[C@@H]1O[C@@H](C)[C@@H]([C@H]([C@H]1O)O)O,Polyphyllin B,50773-42-7,C51H82O20
AUTOGEN_DRUG_1561,P51449,2.42816,10,T4970,1561,CC(=CCC[C@H]([C@H]1CC[C@@]2([C@]1(C)CCC1=C2CC[C@@H]2[C@]1(C)CC[C@@H](C2(C)C)O)C)C)C,LANOSTEROL,79-63-0,C30H50O
AUTOGEN_DRUG_458,P51449,2.42816,10,TN1006,458,CC(=CCC[C@@H]([C@@H]1CC[C@]2([C@@]1(C)CCC1=C2CC[C@@H]2[C@]1(C)CC[C@@H](C2(C)C)O)C)C)C,Tirucallol,514-46-5,C30H50O
AUTOGEN_DRUG_596,P51449,2.42816,10,T5737,596,CC(=CCC[C@H]([C@@H]1CC[C@]2([C@@]1(C)CCC1=C2CC[C@@H]2[C@]1(C)CC[C@@H](C2(C)C)O)C)C)C,euphol,514-47-6,C30H50O
AUTOGEN_DRUG_880,P51449,2.42222,7,T5S1252,880,OC[C@H]1O[C@@H](O[C@H]2CC[C@]3(C(=CC[C@@H]4[C@@H]3CC[C@]3([C@H]4C[C@H]4[C@@H]3[C@H](C)[C@@]3(O4)CC[C@H](CO3)C)C)C2)C)[C@@H]([C@H]([C@@H]1O)O)O[C@@H]1O[C@@H](C)[C@@H]([C@H]([C@H]1O)O)O,Prosapogenin A,19057-67-1,C39H62O12
AUTOGEN_DRUG_1232,P51449,2.38732,8,T3894,1232,OC[C@H]1O[C@@H](O[C@H]2CC[C@]3(C(=CC[C@@H]4[C@@H]3CC[C@]3([C@H]4C[C@H]4[C@@H]3[C@H](C)[C@]3(O4)CC[C@H](CO3)C)C)C2)C)[C@@H]([C@H]([C@@H]1O[C@@H]1O[C@H]([C@@H]([C@H]1O)O)CO)O[C@@H]1O[C@@H](C)[C@@H]([C@H]([C@H]1O)O)O)O,Polyphyllin II,76296-72-5,C44H70O16
AUTOGEN_DRUG_1175,P51449,2.3529,7,T5S0506,1175,OC[C@]1(C)[C@@H](O)CC[C@]2([C@H]1CC[C@@]1([C@@H]2CC=C2[C@@]1(C)CC[C@@]1([C@H]2[C@](C)(O)[C@@H](CC1)C)C(=O)O)C)C,Rutundic acid,20137-37-5,C30H48O5
AUTOGEN_DRUG_1221,P51449,2.3529,5,T7331,1221,O[C@@H]1CC[C@]2([C@@H](C1)C[C@@H]([C@@H]1[C@@H]2C[C@H](O)[C@]2([C@H]1CC[C@@H]2[C@@H](CCC(=O)O)C)C)O)C,Ursocholic acid,2955-27-3,C24H40O5
AUTOGEN_DRUG_1400,P51449,2.3529,6,T3917,1400,CC(=CCC[C@]([C@H]1CC[C@@]2([C@@H]1[C@H](O)C[C@H]1[C@@]2(C)C[C@@H]([C@@H]2[C@]1(C)CC[C@@H](C2(C)C)O)O)C)(O)C)C,Protopanaxatriol,1453-93-6,C30H32O4
AUTOGEN_DRUG_1416,P51449,2.3529,7,T8165,1416,OC[C@]12CC[C@@]3(C(=CC[C@H]4[C@@]3(C)CC[C@@H]3[C@]4(C)CC[C@@H](C3(C)C)O)[C@@H]2CC(CC1)(C)C)C,Erythrodiol,545-48-2,C30H50O2
AUTOGEN_DRUG_1470,P51449,2.3529,9,TN2346,1470,C[C@@H]([C@H]1CC[C@@]2([C@]1(C)C[C@@H](O)[C@@]1([C@H]2CC=C2[C@H]1CC[C@@H](C2(C)C)O)C)C)CC[C@H](C(O)(C)C)O,Mogrol,88930-15-8,C30H52O4
AUTOGEN_DRUG_1627,P51449,2.3529,5,T19189,1627,O[C@@H]1CC[C@]2([C@H](C1)C[C@H]([C@@H]1[C@@H]2C[C@H](O)[C@]2([C@H]1CC[C@@H]2[C@@H](CCC(=O)O)C)C)O)C,Allocholic acid,2464-18-8,C24H40O5
AUTOGEN_DRUG_1634,P51449,2.3529,6,T2810,1634,CC(=CCC[C@@]([C@H]1CC[C@@]2([C@@H]1[C@H](O)C[C@H]1[C@@]2(C)C[C@@H]([C@@H]2[C@]1(C)CC[C@@H](C2(C)C)O)O)C)(O)C)C,(20S)-Protopanaxatriol,34080-08-5,C30H52O4
AUTOGEN_DRUG_2573,P51449,2.3529,3,T4537,2573,O[C@@H]1CC[C@]2([C@@H](C1)C[C@H]([C@@H]1[C@@H]2C[C@H](O)[C@]2([C@H]1CC[C@@H]2[C@@H](CCC(=O)[O-])C)C)O)C,SodiumCholate,361-09-1,C24H39NaO5 
AUTOGEN_DRUG_315,P51449,2.3529,7,TN1085,315,CC(C(=C)CC[C@H]([C@H]1[C@H](O)C[C@@]2([C@]1(C)CC=C1C2=CC[C@@H]2[C@]1(C)CC[C@@H](C2(C)C)O)C)C(=O)O)C,Dehydrotumulosic acid,6754-16-1,C31H48O4
AUTOGEN_DRUG_3442,P51449,2.3529,11,TN7129,3442,COC(=O)[C@@]12CCC(C[C@H]2C2=CC[C@H]3[C@@]([C@@]2(CC1)C)(C)CC[C@@H]1[C@]3(C)C[C@H]([C@@H](C1(C)C)O)O)(C)C,Methyl maslinate,22425-82-7,C31H50O4
AUTOGEN_DRUG_3444,P51449,2.3529,7,TN1372,3444,C[C@@H]1CC[C@]2([C@@H]([C@H]1C)C1=CC[C@H]3[C@@]([C@@]1(CC2)C)(C)CC[C@@H]1[C@]3(C)CC[C@@H](C1(C)C)O)C,Alpha-Amyrin,638-95-9,C30H50O
AUTOGEN_DRUG_3471,P51449,2.3529,11,TN2107,3471,OC[C@]12[C@H](O)C[C@@]3(C(=CC[C@H]4[C@@]3(C)CC[C@@H]3[C@]4(C)CC[C@@H]([C@]3(C)CO)O)[C@@H]2CC([C@H]([C@@H]1O)O)(C)C)C,Protoescigenin,20853-07-0,C30H50O6
AUTOGEN_DRUG_3591,P51449,2.3529,9,TN1402,3591,OC[C@]1(C)[C@@H](O)[C@H](O)C[C@]2([C@H]1CC[C@@]1([C@@H]2CC=C2[C@@]1(C)CC[C@@]1([C@H]2[C@H](O)C(CC1)(C)C)C(=O)O)C)C,Arjungenin,58880-25-4,C30H48O6
AUTOGEN_DRUG_433,P51449,2.3529,6,TN1027,433,O[C@H]1CC[C@]2([C@H](C1(C)C)CC[C@@]1([C@@H]2CC=C2[C@@]1(C)CC[C@@]1([C@H]2CC(C)(C)CC1)C)C)C,¦Â-Amyrin,559-70-6,C30H50O
AUTOGEN_DRUG_448,P51449,2.3529,10,TN1455,448,CC(C1CCC2(C1(C)CC(=O)C1(C2CC=C2C1CCC(C2(C)C)O)C)C)CCC(C(O)(C)C)O,Bryodulcosigenin,4965-97-3,C30H50O4
AUTOGEN_DRUG_500,P51449,2.3529,6,TN4943,500,CC1=C(C)[C@@H]2[C@](CC1)(CC[C@@]1(C2=CC[C@H]2[C@@]1(C)CC[C@@H]1[C@]2(C)CC[C@@H](C1(C)C)O)C)C(=O)O,Sanguisorbigenin,6812-98-2,C30H46O4
AUTOGEN_DRUG_705,P51449,2.3529,6,T15720,705,CC(CCC[C@H]([C@H]1CC[C@@H]2[C@]1(C)CC[C@H]1C2=CC[C@@H]2[C@]1(C)CC[C@@H](C2)O)C)C,Lathosterol,80-99-9,C27H46O
AUTOGEN_DRUG_722,P51449,2.3529,8,T2S0501,722,OC(=O)C1(C)C(O)CCC2(C1CCC1(C2CC=C2C1(C)CCC1(C2C(C)(O)C(CC1)C)C(=O)O)C)C,Ilexgenin A,108524-94-3,C30H46O6
AUTOGEN_DRUG_75,P51449,2.3529,5,TN1248,75,O[C@@H]1CC[C@]2([C@H](C1(C)C)CC[C@@]1([C@@H]2CC=C2[C@@]1(C)CC[C@]1([C@H]2CC(C)(C)CC1)C(=O)O)C)C,3-Epioleanolic acid,25499-90-5,C30H48O3
AUTOGEN_DRUG_780,P51449,2.3529,8,TN2290,780,OC[C@]12CC[C@@H]([C@H]([C@@H]2C2=CC[C@@H]3[C@]([C@]2(CC1)C)(C)CC[C@H]1[C@@]3(C)CC[C@H](C1(C)C)O)C)C,Uvaol,545-46-0,C30H50O2
AUTOGEN_DRUG_843,P51449,2.3529,11,T5743,843,OC[C@]12[C@@H](O)C[C@@]3(C(=CC[C@H]4[C@@]3(C)CC[C@@H]3[C@]4(C)CC[C@@H]([C@@]3(C)CO)O)[C@@H]2CC([C@H]([C@@H]1O)O)(C)C)C,Gymnemagenin,22467-07-8,C30H50O6??
AUTOGEN_DRUG_875,P51449,2.3529,5,TN1097,875,C[C@@H]1CC[C@]2([C@@H]([C@H]1C)C1=CC[C@H]3[C@@]([C@@]1(CC2)C)(C)CC[C@@H]1[C@]3(C)CC[C@H]([C@]1(C)C(=O)O)O)C,Beta-boswellic acid,631-69-6,C30H48O3
AUTOGEN_DRUG_88,P51449,2.3529,6,TN1249,88,C[C@@H]1CC[C@@]2([C@@H]([C@H]1C)C1=CC[C@H]3[C@@]([C@@]1(CC2)C)(C)CC[C@@H]1[C@]3(C)CC[C@H](C1(C)C)O)C(=O)O,3-Epiursolic acid,989-30-0,C30H48O3
AUTOGEN_DRUG_889,P51449,2.3529,7,TN7070,889,O[C@H]1CC[C@]2([C@H](C1)CCC1=C3[C@@](CC[C@H]21)(C)[C@H](CC3)[C@@H](CC[C@@H](C(C)C)C)C)C,Ergostenol,632-32-6,C28H48O
AUTOGEN_DRUG_1562,P51449,2.34533,8,T3774,1562,OC[C@H]1O[C@@H](O[C@H]2CC[C@]3(C(=CC[C@@H]4[C@@H]3CC[C@]3([C@H]4C[C@H]4[C@@H]3[C@H](C)[C@]3(O4)CC[C@H](CO3)C)C)C2)C)[C@@H]([C@H]([C@@H]1O)O[C@@H]1O[C@H](CO)[C@H]([C@@H]([C@H]1O)O)O)O[C@@H]1O[C@@H](C)[C@@H]([C@H]([C@H]1O)O)O,Gracillin,19083-00-2,C45H72O17
AUTOGEN_DRUG_520,P51449,2.34531,7,T4A2456,520,O[C@H]1CC[C@]2([C@@H](C1)CC[C@@H]1[C@@H]2[C@H](O)C[C@]2([C@]1(O)CC[C@@H]2c1ccc(=O)oc1)C)C,Gamabufotalin,465-11-2,C24H34O5
AUTOGEN_DRUG_683,P51449,2.34049,10,TN2225,683,OC[C@@]1(C)[C@@H](O)CC[C@]2([C@H]1CC[C@@]1([C@@H]2CC=C2[C@@]1(C)CC[C@@]1([C@H]2CC(C[C@H]1O)(C)C)C)C)C,Soyasapogenol B,595-15-3,C30H50O3
AUTOGEN_DRUG_296,P51449,2.33631,7,TN1118,296,O[C@@H]1C[C@@]2(C)[C@H](C([C@H]1O)(C)C)CC[C@@]1([C@@H]2CC=C2[C@@]1(C)CC[C@@]1([C@H]2[C@](C)(O)[C@H](C)CC1)C(=O)O)C,Tormentic acid,13850-16-3,C30H48O5
AUTOGEN_DRUG_57,P51449,2.33631,7,TN1134,57,O[C@@H]1C[C@@]2(C)C(C([C@@H]1O)(C)C)CC[C@@]1(C2CC=C2[C@@]1(C)CC[C@@]1(C2[C@](C)(O)[C@H](C)CC1)C(=O)O)C,Euscaphic acid,53155-25-2,C30H48O5
AUTOGEN_DRUG_946,P51449,2.3253,7,T5S0620,946,CC(=CCC[C@H]([C@H]1CC[C@@]2([C@]1(C)CC=C1C2=CC[C@@H]2[C@]1(C)CC[C@@H](C2(C)C)O)C)C(=O)O)C,Dehydrotrametenolic acid,29220-16-4,C30H46O3
AUTOGEN_DRUG_2499,P51449,2.32355,9,T3121,2499,OC[C@@]12CC[C@H]([C@@H]2[C@@H]2[C@](CC1)(C)[C@]1(C)CC[C@@H]3[C@]([C@H]1CC2)(C)CC[C@@H](C3(C)C)O)C(=C)C,Betulin,473-98-3,C30H50O2
AUTOGEN_DRUG_1347,P51449,2.30801,9,T3809,1347,OC[C@H]1O[C@@H](O[C@H]2CC[C@]3(C(=CC[C@@H]4[C@@H]3CC[C@]3([C@H]4C[C@H]4[C@@H]3[C@H](C)[C@]3(O4)CC[C@@H](CO3)C)C)C2)C)[C@@H]([C@H]([C@@H]1O)O[C@@H]1OC[C@H]([C@@H]([C@H]1O)O)O)O[C@@H]1O[C@@H](C)[C@@H]([C@H]([C@H]1O)O)O,Liriope muscari baily saponins C,87480-46-4,C44H70O17
AUTOGEN_DRUG_343,P51449,2.30801,10,T2S0250,343,OC[C@H]1O[C@@H](O[C@H]2CC[C@]3(C(=CC[C@@H]4[C@@H]3CC[C@]3([C@H]4C[C@H]4[C@@H]3C(=C(O4)CC[C@H](CO[C@@H]3O[C@H](CO)[C@H]([C@@H]([C@H]3O)O)O)C)C)C)C2)C)[C@@H](C([C@@H]1O)O[C@@H]1O[C@H](CO)[C@H]([C@@H]([C@H]1O)O)O)O[C@@H]1O[C@@H](C)[C@@H]([C@H]([C@H]1O)O)O,Pseudoprotogracillin,637349-03-2,C51H82O22
AUTOGEN_DRUG_508,P51449,2.30801,9,T2S1749,508,OC[C@H]1O[C@@H](O[C@H]2CC[C@]3(C(=CC[C@@H]4[C@@H]3CC[C@]3([C@H]4C[C@H]4[C@@H]3[C@H](C)[C@@](O4)(O)CC[C@H](CO[C@@H]3O[C@H](CO)[C@H]([C@@H]([C@H]3O)O)O)C)C)C2)C)[C@@H]([C@H]([C@@H]1O)O[C@@H]1O[C@H](CO)[C@H]([C@@H]([C@H]1O)O)O)O[C@@H]1O[C@@H](C)[C@@H]([C@H]([C@H]1O)O)O,Protogracillin,54848-30-5,C51H84O23
AUTOGEN_DRUG_693,P51449,2.30801,9,TN1071,693,OC[C@H]1O[C@@H](O[C@H]2CC[C@]3(C(=CC[C@@H]4[C@@H]3CC[C@]3([C@H]4C[C@H]4[C@@H]3[C@H](C)[C@]3(O4)CC[C@H](CO3)C)C)C2)C)[C@@H]([C@H]([C@@H]1O)O[C@@H]1OC[C@H]([C@@H]([C@H]1O)O)O)O[C@@H]1O[C@@H](C)[C@@H]([C@H]([C@H]1O)O)O,Ophiopogonin D',65604-80-0,C44H70O16
AUTOGEN_DRUG_227,P51449,2.29964,7,T13092,227,CC[C@H]1[C@@H](O)[C@H]2[C@@H]3CC[C@@H]([C@@]3(C)CC[C@@H]2[C@@]2([C@H]1C[C@H](O)CC2)C)[C@@H](CCC(=O)NCCS(=O)(=O)O)C,Tauro-Obeticholic acid,863239-61-6,C28H49NO6S
AUTOGEN_DRUG_2065,P51449,2.27395,9,TJA2398,2065,O[C@@H]1CC[C@]2([C@@H](C1)CC[C@@H]1[C@@H]2C[C@H](O)[C@]2([C@H]1CC[C@@H]2[C@@H](CCC(=O)NCCS(=O)(=O)O)C)C)C,Taurohyodeoxycholic acid sodium salt,110026-03-4,C26H47NNaO7S
AUTOGEN_DRUG_1461,P51449,2.27313,11,T8153,1461,O[C@@H]1CC[C@]2([C@@H](C1)[C@@H](O)C[C@@H]1[C@@H]2CC[C@]2([C@H]1CC[C@@H]2[C@@H](CCC(=O)NCC(=O)O)C)C)C,glycohyodeoxycholic acid,13042-33-6,C26H43NO5
AUTOGEN_DRUG_36,P51449,2.26423,14,T3S1149,36,O=C(CC(C(=O)O)C)C[C@H]([C@H]1CC(=O)[C@@]2([C@]1(C)[C@H](O)C(=O)C1=C2[C@@H](O)C[C@@H]2[C@]1(C)CC[C@@H](C2(C)C)O)C)C,Ganoderic acid G,98665-22-6,C30H44O8
AUTOGEN_DRUG_2177,P51449,2.26315,9,TL0003,2177,CC1=CCC2CC1C2(C)C,ALPHA-PINENE,2437-95-8,C10H16
AUTOGEN_DRUG_3033,P51449,2.26315,9,TN1202,3033,CC1=CC[C@H]2C[C@@H]1C2(C)C,(-)-¦Á-Pinene,7785-26-4,C10H16
AUTOGEN_DRUG_1821,P51449,2.26052,9,T2738,1821,OC[C@]1(C)[C@H](O)CC[C@@]2([C@@H]1CCC(=C)[C@H]2C/C=C/1\C=COC1=O)C,Dehydroandrographolide,134418-28-3,C20H28O4
AUTOGEN_DRUG_1973,P51449,2.25819,9,T6473,1973,OC[C@H]1O[C@@H](O[C@H]2CC[C@]3(C(=CC[C@@H]4[C@@H]3CC[C@]3([C@H]4C[C@H]4[C@@H]3[C@H](C)[C@]3(O4)CC[C@H](CO3)C)C)C2)C)[C@@H]([C@H]([C@@H]1O[C@@H]1O[C@@H](C)[C@@H]([C@H]([C@H]1O)O)O)O)O[C@@H]1O[C@@H](C)[C@@H]([C@H]([C@H]1O)O)O,Dioscin,19057-60-4,C45H72O16
AUTOGEN_DRUG_998,P51449,2.25706,7,T4S1983,998,O[C@H]1CC[C@]2([C@](C1)(O)CC[C@@H]1[C@@H]2CC[C@]2([C@]1(O)CC[C@@H]2C1=CC(=O)OC1)C)C,Periplogenin,514-39-6,C23H34O5
AUTOGEN_DRUG_999,P51449,2.25184,7,TN5073,999,O=C[C@@]12CC[C@@H](C[C@@]2(O)CC[C@@H]2[C@@H]1CC[C@]1([C@]2(O)CC[C@@H]1C1=CC(=O)OC1)C)O,Strophanthidin,66-28-4,C23H32O6
AUTOGEN_DRUG_2199,P51449,2.222,6,T5254,2199,O[C@@H]1CC[C@]2([C@@H](C1)CC[C@@H]1[C@@H]2C[C@H](O)[C@]2([C@H]1CC[C@@H]2[C@@H](CCC(=O)NCC(=O)[O-])C)C)C,Glycodeoxycholic acid sodium salt,16409-34-0,C26H42NNaO5
AUTOGEN_DRUG_161,P51449,2.22112,9,TN7063,161,COc1c(OC)cc2c(c1OC)c1ccc(c(=O)cc1[C@H](CC2)N(C(=O)C)C)OC,N-Acetaminophen,7336-40-5,C23H27NO6
AUTOGEN_DRUG_2428,P51449,2.21228,7,T7912,2428,O=CC1=CC[C@H]2C[C@@H]1C2(C)C,(-)-Myrtenal,18486-69-6,C10H14O
AUTOGEN_DRUG_1350,P51449,2.20424,8,T3382,1350,O[C@H]1CC[C@]2([C@H](C1(C)C)CC[C@@]1([C@@H]2CC=C2[C@@]1(C)CC[C@@]1([C@H]2C[C@@]2(C)C[C@@H]1OC2=O)C)C)C,Wilforlide A,84104-71-2,C30H46O3
AUTOGEN_DRUG_134,P51449,2.20117,10,T3844,134,OC[C@H]1O[C@@H](O[C@H]2CC[C@]3(C(=CC[C@@H]4[C@@H]3CC[C@]3([C@H]4C[C@H]4[C@@H]3[C@H](C)[C@]3(O4)CC[C@H](CO3)C)C)C2)C)[C@@H]([C@H]([C@@H]1O[C@@H]1O[C@H](CO)[C@H]([C@@H]([C@H]1O)O)O)O)O[C@@H]1O[C@@H](C)[C@@H]([C@H]([C@H]1O)O)O,Deltonin,55659-75-1,C45H72O17
AUTOGEN_DRUG_1409,P51449,2.20117,10,T3895,1409,OC[C@H]1O[C@@H](O[C@H]2CC[C@]3(C(=CC[C@@H]4[C@@H]3CC[C@]3([C@H]4C[C@H]4[C@@H]3[C@H](C)[C@]3(O4)CC[C@H](CO3)C)C)C2)C)[C@@H]([C@H]([C@@H]1O[C@@H]1O[C@H]([C@@H]([C@H]1O)O)CO)O)O[C@@H]1O[C@@H](C)[C@@H]([C@H]([C@H]1O)O)O,Polyphyllin I,50773-41-6,C44H70O16
AUTOGEN_DRUG_226,P51449,2.20117,10,TN2329,226,OC[C@H]1O[C@@H](O[C@H]2CC[C@]3(C(=CC[C@@H]4[C@@H]3CC[C@]3([C@H]4C[C@H]4[C@@H]3[C@H](C)[C@]3(O4)CC[C@H](CO3)C)C)C2)C)[C@@H]([C@H]([C@@H]1O[C@@H]1O[C@H](CO)[C@H]([C@@H]([C@H]1O)O[C@@H]1O[C@H](CO)[C@H]([C@@H]([C@H]1O)O)O)O)O)O[C@@H]1O[C@@H](C)[C@@H]([C@H]([C@H]1O)O)O,Zingiberen newsaponin,91653-50-8,C51H82O22
AUTOGEN_DRUG_1020,P51449,2.19441,6,T1719,1020,O[C@H]1CC[C@]2([C@@H](C1)CC[C@@H]1[C@@H]2CC[C@]2([C@]1(O)CC[C@@H]2c1ccc(=O)oc1)C)C,Bufalin,465-21-4,C24H34O4
AUTOGEN_DRUG_284,P51449,2.18824,12,TN7060,284,COC(=O)[C@@]12CCC(C[C@H]2C2=CC[C@H]3[C@@]([C@@]2(CC1)C)(C)CC[C@@H]1[C@]3(C)CCC(=O)C1(C)C)(C)C,3-Oxoolean-12-en-28-oic acid methyl ester,1721-58-0,C31H48O3
AUTOGEN_DRUG_1161,P51449,2.18806,10,T3901,1161,OC[C@H]1O[C@@H](O[C@H]2CC[C@]3(C(=CC[C@@H]4[C@@H]3CC[C@]3([C@H]4C[C@H]4[C@@H]3[C@H](C)[C@]3(O4)CC[C@H](CN3)C)C)C2)C)[C@@H]([C@H]([C@H]1O)O[C@@H]1O[C@H](CO)[C@H]([C@@H]([C@H]1O)O)O)O[C@@H]1O[C@@H](C)[C@@H]([C@H]([C@H]1O)O)O,Solasonine,19121-58-5,C45H73NO16
AUTOGEN_DRUG_811,P51449,2.18691,13,T3S1265,811,C[C@H]1CC[C@@]2(OC1)O[C@@H]1[C@H]([C@@H]2C)[C@@]2([C@@H](C1)[C@@H]1CC=C3[C@]([C@H]1CC2)(C)[C@@H](C[C@@H](C3)O[C@@H]1O[C@@H](C)[C@@H]([C@H]([C@H]1O)O)O)O[C@@H]1O[C@H](C)[C@@H]([C@@H]([C@H]1O)O)O)C,Liriopesides B,87425-34-1,C39H62O12
AUTOGEN_DRUG_1364,P51449,2.1859,11,T4085,1364,OC[C@H]1O[C@@H](O[C@H]2CC[C@]3(C(=CC[C@@H]4[C@@H]3CC[C@]3([C@H]4C[C@H]4[C@]3(O)[C@H](C)[C@]3(O4)CC[C@H](CO3)C)C)C2)C)[C@@H]([C@H]([C@@H]1O[C@@H]1O[C@@H](C)[C@@H]([C@H]([C@H]1O)O)O[C@@H]1O[C@@H](C)[C@@H]([C@H]([C@H]1O)O)O)O)O[C@@H]1O[C@@H](C)[C@@H]([C@H]([C@H]1O)O)O,Chonglou Saponin VII,68124-04-9,C51H82O21
AUTOGEN_DRUG_1195,P51449,2.18565,11,T5S0246,1195,OC[C@H]1O[C@@H](O[C@H]2CC[C@]3(C(=CC[C@@H]4[C@@H]3CC[C@]3([C@H]4C[C@H]4[C@@H]3C(=C(O4)CC[C@H](CO[C@@H]3O[C@H](CO)[C@H]([C@@H]([C@H]3O)O)O)C)C)C)C2)C)[C@@H]([C@H]([C@@H]1O[C@@H]1O[C@@H](C)[C@@H]([C@H]([C@H]1O)O)O)O)O[C@@H]1O[C@@H](C)[C@@H]([C@H]([C@H]1O)O)O,Pseudoprotodioscin,102115-79-7,C51H82O21
AUTOGEN_DRUG_1603,P51449,2.18565,10,T2321,1603,OC[C@H]1O[C@@H](O[C@H]2CC[C@]3(C(=CC[C@@H]4[C@@H]3CC[C@]3([C@H]4C[C@H]4[C@@H]3[C@H](C)[C@@](O4)(O)CC[C@H](CO[C@@H]3O[C@H](CO)[C@H]([C@@H]([C@H]3O)O)O)C)C)C2)C)[C@@H]([C@H]([C@@H]1O[C@@H]1O[C@@H](C)[C@@H]([C@H]([C@H]1O)O)O)O)O[C@@H]1O[C@@H](C)[C@@H]([C@H]([C@H]1O)O)O,Protodioscin,55056-80-9,C51H84O22
AUTOGEN_DRUG_1677,P51449,2.18202,12,T31964,1677,O[C@@H]1CC[C@]2([C@@H](C1)CC[C@@H]1[C@@H]2CC[C@]2([C@H]1CC[C@@H]2[C@@H](CCC(=O)NCC(=O)O)C)C)C,Glycolithocholic acid,474-74-8,C26H43NO4
AUTOGEN_DRUG_3440,P51449,2.18075,12,TN7127,3440,O[C@H]1CC[C@]2([C@@]3(C1)O[C@H]3C=C1[C@@H]2CC[C@]2([C@H]1CC[C@@H]2[C@@H](/C=C/[C@@H](C(C)C)C)C)C)C,"5,6-Epoxyergosterol",23637-31-2,C28H44O2
AUTOGEN_DRUG_1265,P51449,2.18059,9,T3771,1265,OC[C@H]1O[C@@H](O[C@H]2CC[C@]3(C(=CC[C@@H]4[C@@H]3CC[C@]3([C@H]4C[C@H]4[C@@H]3[C@H](C)[C@@](O4)(OC)CC[C@H](CO[C@@H]3O[C@H](CO)[C@H]([C@@H]([C@H]3O)O)O)C)C)C2)C)[C@@H]([C@H]([C@H]1O[C@@H]1O[C@@H](C)[C@@H]([C@H]([C@H]1O)O)O)O)O[C@@H]1O[C@@H](C)[C@@H]([C@H]([C@H]1O)O)O,Methyl protodioscin,54522-52-0,C52H86O22
AUTOGEN_DRUG_2194,P51449,2.1688,5,T1289,2194,CC(=O)O[C@H]1C[C@]2([C@H](/C/1=C(/C(=O)[O-])\CCC=C(C)C)C[C@H]([C@@H]1[C@]2(C)CC[C@@H]2[C@]1(C)CC[C@H]([C@H]2C)O)O)C,Sodium fusidate,751-94-0,C31H47NaO6
AUTOGEN_DRUG_1510,P51449,2.16845,11,T14002,1510,O[C@@H]1CC[C@]2([C@@H](C1)CC[C@@H]1[C@@H]2CC(=O)[C@]2([C@H]1CC[C@@H]2[C@@H](CCC(=O)O)C)C)C,12-Ketodeoxycholic acid,5130-29-0,C24H38O4
AUTOGEN_DRUG_1282,P51449,2.1595,12,T6S2315,1282,OC[C@H]1O[C@@H](O[C@H]2CC[C@]3(C(=CC[C@@H]4[C@@H]3CC[C@]3([C@H]4C[C@H]4[C@]3(O)[C@H](C)[C@]3(O4)CC[C@H](CO3)C)C)C2)C)[C@@H]([C@H]([C@@H]1O)O)O[C@H]1O[C@@H](C)[C@@H]([C@H]([C@H]1O)O)O,Polyphyllin VI,55916-51-3,C39H62O13
AUTOGEN_DRUG_1051,P51449,2.14908,12,T4034,1051,OC[C@H]1O[C@@H](O[C@H]2CC[C@]3(C(=CC[C@@H]4[C@@H]3CC[C@]3([C@H]4C[C@H]4[C@@H]3[C@H](C)[C@]3(O4)CC[C@H](CN3)C)C)C2)C)[C@@H]([C@H]([C@@H]1O[C@@H]1O[C@@H](C)[C@@H]([C@H]([C@H]1O)O)O)O)O[C@@H]1O[C@@H](C)[C@@H]([C@H]([C@H]1O)O)O,Solamargine,20311-51-7,C45H73NO15
AUTOGEN_DRUG_2989,P51449,2.14703,8,T7468|T8367,2989,CC1=CC[C@H](CC1)C(O)(C)C,(-?)?-?¦Á-?Terpineol,10482-56-1,C10H18O
AUTOGEN_DRUG_3016,P51449,2.14703,8,Fr14115,3016,CC1=CCC(CC1)C(O)(C)C,Terpineol,98-55-5,C10H18O
AUTOGEN_DRUG_2589,P51449,2.11052,14,T4763,2589,O[C@@H]1CCCC[C@H]1O,"trans-1,2-Cyclohexanediol",1460-57-7,C6H12O2
AUTOGEN_DRUG_1963,P51449,2.10943,11,T5234,1963,O[C@@H]1CC[C@]2([C@@H](C1)C[C@@H]([C@@H]1[C@@H]2CC[C@]2([C@H]1CC[C@@H]2[C@@H](CCC(=O)NCC(=O)O)C)C)O)C,Glycoursodeoxycholic acid,64480-66-6,C26H43NO5
AUTOGEN_DRUG_2061,P51449,2.10943,9,T5259,2061,O[C@@H]1CC[C@]2([C@@H](C1)C[C@H]([C@@H]1[C@@H]2CC[C@]2([C@H]1CC[C@@H]2[C@@H](CCC(=O)NCC(=O)[O-])C)C)O)C,Glycochenodeoxycholic acid sodium salt,16564-43-5,C26H42NNaO5
AUTOGEN_DRUG_2272,P51449,2.10943,10,TWA2417|T1138,2272,O[C@@H]1CC[C@]2([C@@H](C1)C[C@H]([C@@H]1[C@@H]2C[C@H](O)[C@]2([C@H]1CC[C@@H]2[C@@H](CCC(=O)NCCS(=O)(=O)[O-])C)C)O)C,Sodium taurocholate hydrate,145-42-6,C26H45NO7S.Na
AUTOGEN_DRUG_2316,P51449,2.10943,9,TN2215,2316,[Na]OS(=O)(=O)CCNC(=O)CC[C@H]([C@H]1CC[C@@H]2[C@]1(C)CC[C@H]1[C@H]2[C@H](O)C[C@H]2[C@]1(C)CC[C@H](C2)O)C,Sodium taurochenodeoxycholate,6009-98-9,C26H44NNaO6S
AUTOGEN_DRUG_2751,P51449,2.10943,12,T2532,2751,O[C@@H]1CC[C@]2([C@@H](C1)C[C@@H]([C@@H]1[C@@H]2CC[C@]2([C@H]1CC[C@@H]2[C@@H](CCC(=O)NCCS(=O)(=O)O)C)C)O)C,Tauroursodeoxycholic Acid,14605-22-2,C26H45NO6S
AUTOGEN_DRUG_230,P51449,2.10548,13,T3817,230,OC[C@@H]([C@@]1(C)CC[C@@H]2C(=C1)CC[C@H]1[C@@]2(C)CC[C@H](C1(C)C)O)O,Darutigenol,5940-00-1,C20H34O3
AUTOGEN_DRUG_243,P51449,2.10396,9,T3S2152,243,OC[C@]1(C)[C@@H](O)CC[C@]2([C@H]1CC[C@@]1([C@@H]2CC[C@H]2[C@@]1(C)CC[C@@]1([C@@H]2[C@@H](CC1)C(=C)C)C(=O)O)C)C,Anemosapogenin,85999-40-2,C30H48O4
AUTOGEN_DRUG_181,P51449,2.10303,13,TN7099,181,CC(C(=C)CC[C@H]([C@H]1CC[C@@H]2[C@]1(C)CC(=O)C1=C2CC[C@@H]2[C@]1(C)CCC(=O)[C@H]2C)C)C(=O)O,antcin A,163597-24-8,C29H42O4
AUTOGEN_DRUG_721,P51449,2.10303,9,T3819,721,CC(=O)O[C@H]1CC[C@]2([C@H](C1(C)C)CC[C@@]1([C@@H]2CC=C2[C@@]1(C)CC[C@@]1([C@H]2[C@@H](C)[C@H](C)CC1)C(=O)O)C)C,Acetylursolic acid,7372-30-7,C32H50O4
AUTOGEN_DRUG_1166,P51449,2.10091,8,T3883,1166,OC(=O)CC[C@@]1(C)[C@@H](CC[C@@]2([C@@H]1CC=C1[C@@]2(C)CC[C@@]2([C@H]1[C@@H](C)[C@H](C)CC2)C)C)C(=C)C,Roburic acid,6812-81-3,C30H48O2
AUTOGEN_DRUG_339,P51449,2.09955,14,T3S1250,339,OC[C@H]1O[C@@H](O[C@H]2CC[C@]3(C(=CC[C@@H]4[C@@H]3CC[C@]3([C@@]4(O)C[C@H]4[C@]3(O)[C@H](C)[C@]3(O4)CC[C@H](CO3)C)C)C2)C)[C@@H]([C@H]([C@@H]1O)O)O[C@@H]1O[C@@H](C)[C@@H]([C@H]([C@H]1O)O)O,Ophiogenin 3-O-¦Á-L-rhamnopyranosyl-(1¡ú2)-¦Â-D-glucopyranoside,128502-94-3,C39H62O14
AUTOGEN_DRUG_1459,P51449,2.09768,12,TWS1229,1459,O=C1C=C2CCC[C@H]([C@@]2([C@H]2[C@@H]1C2(C)C)C)C,Aristolone,25274-27-5,C15H22O
AUTOGEN_DRUG_437,P51449,2.09563,11,TQ0249,437,CC(=C)[C@@H]([C@H](C[C@H](C1=C2C[C@H](O)[C@@H]3[C@]([C@]2(CC1)C)(C)CC[C@@H]1[C@]3(C)CCC(=O)C1(C)C)C)O)O,Alisol G,155521-46-3,C30H48O4
AUTOGEN_DRUG_1027,P51449,2.09354,9,T3830,1027,OC[C@H]1O[C@@H](O[C@H]2C[C@]3(C)[C@@H]([C@@]4([C@@H]2C(C)(C)[C@@H](O)CC4)C)C[C@H]([C@H]2[C@@]3(C)CC[C@@H]2[C@@](CCC=C(C)C)(O)C)O)[C@@H]([C@H]([C@@H]1O)O)O[C@@H]1O[C@@H](C)[C@@H]([C@H]([C@H]1O)O)O,20R-Ginsenoside Rg2,80952-72-3,C42H72O13
AUTOGEN_DRUG_109,P51449,2.09354,10,TN1425,109,OC[C@H]1O[C@@H](O[C@H]2CC[C@]3([C@H](C2(C)C)CC[C@@]2([C@@H]3CC[C@H]3[C@@]42CO[C@]2(C4)[C@@H]3[C@@](C)(O)C[C@@H](O2)C=C(C)C)C)C)[C@@H]([C@H]([C@@H]1O)O[C@@H]1O[C@H](CO)[C@H]([C@@H]([C@H]1O)O)O)O[C@@H]1O[C@H]([C@@H]([C@H]1O)O)CO,Bacoside A3,157408-08-7,C47H76O18
AUTOGEN_DRUG_1122,P51449,2.09354,9,T3793,1122,OC[C@H]1O[C@@H](O[C@H]2C[C@]3(C)[C@@H]([C@@]4([C@@H]2C(C)(C)[C@@H](O)CC4)C)C[C@H]([C@H]2[C@@]3(C)CC[C@@H]2[C@@](CCC=C(C)C)(O)C)O)[C@@H]([C@H]([C@@H]1O)O)O,(20R)-Ginsenoside Rh1,80952-71-2,C36H62O9
AUTOGEN_DRUG_1230,P51449,2.09354,7,T3782,1230,OC[C@H]1O[C@@H](OC[C@H]2O[C@@H](O[C@H]3[C@@H](O)CO[C@H]([C@@H]3O[C@@H]3O[C@@H](C)[C@@H]([C@H]([C@H]3O)O)O)O[C@H]3CC[C@]4([C@H](C3(C)C)CC[C@@]3([C@@H]4CC[C@H]4[C@@]53CO[C@]3(C5)[C@@H]4[C@@](C)(O)C[C@@H](O3)C=C(C)C)C)C)[C@@H]([C@H]([C@@H]2O)O)O[C@@H]2OC[C@H]([C@@H]([C@H]2O)O)O)[C@@H]([C@H]([C@@H]1O)O)O,Jujuboside A,55466-04-1,C58H94O26
AUTOGEN_DRUG_1309,P51449,2.09354,7,T3781,1309,OC[C@H]1O[C@@H](O[C@H]2[C@@H](O)CO[C@H]([C@@H]2O[C@@H]2O[C@@H](C)[C@@H]([C@H]([C@H]2O)O)O)O[C@H]2CC[C@]3([C@H](C2(C)C)CC[C@@]2([C@@H]3CC[C@H]3[C@@]42CO[C@]2(C4)[C@@H]3[C@@](C)(O)C[C@@H](O2)C=C(C)C)C)C)[C@@H]([C@H]([C@@H]1O)O)O[C@@H]1OC[C@H]([C@@H]([C@H]1O)O)O,Jujuboside B,55466-05-2,C52H84O21
AUTOGEN_DRUG_751,P51449,2.09354,8,T6S1587,751,OC[C@H]1O[C@@H](O[C@H]2C[C@]3(C)[C@@H]([C@@]4([C@@H]2C(C)(C)[C@@H](O)CC4)C)C[C@H]([C@H]2[C@@]3(C)CC[C@@H]2[C@](CCC=C(C)C)(O)C)O)[C@@H]([C@H]([C@@H]1O)O)O[C@@H]1OC[C@H]([C@@H]([C@H]1O)O)O,Notoginsenoside R2,80418-25-3,C41H70O13
AUTOGEN_DRUG_833,P51449,2.09354,9,T6S1500,833,OC[C@H]1O[C@@H](O[C@H]2C[C@]3(C)C([C@@]4([C@@H]2C(C)(C)[C@@H](O)CC4)C)C[C@H]([C@H]2[C@@]3(C)CC[C@@H]2[C@](CCC=C(C)C)(O)C)O)[C@@H]([C@H]([C@@H]1O)O)O[C@@H]1O[C@H](CO)[C@H]([C@@H]([C@H]1O)O)O,Ginsenoside-Rf,52286-58-5,C42H72O14
AUTOGEN_DRUG_257,P51449,2.08912,13,TN1661,257,O=C(C[C@H](C(=O)O)C)C[C@H]([C@H]1C[C@@H]([C@@]2([C@]1(C)CC(=O)C1=C2[C@@H](O)C[C@@H]2[C@]1(C)CC[C@@H](C2(C)C)O)C)O)C,Ganoderic acid C2,103773-62-2,C30H46O7
AUTOGEN_DRUG_124,P51449,2.07668,8,T25476,124,O=C[C@]1(C)[C@@H](O)CC[C@]2([C@H]1CC[C@@]1([C@@H]2CC=C2[C@@]1(C)CC[C@]1([C@H]2CC(CC1)(C)C)C(=O)O)C)C,Gypsogenin,639-14-5,C30H46O4
AUTOGEN_DRUG_2521,P51449,2.07106,11,TN6925,2521,CC(CCCC(C)C)CCCC(CCCC(C)C)C,Pristane,1921-70-6,C19H40
AUTOGEN_DRUG_2939,P51449,2.07106,11,T5613,2939,CC(CCCC(CCCC(C)C)C)CCCCC(CCCC(CCCC(C)C)C)C,Squalane,111-01-3,C30H62
AUTOGEN_DRUG_727,P51449,2.06029,9,TN6722,727,OC[C@]1(C)[C@@H](O)[C@H](O)C[C@]2([C@H]1[C@H](O)C[C@@]1([C@@H]2CC=C2[C@@]1(C)CC[C@@]1([C@H]2CC(CC1)(C)C)C(=O)O)C)C,Terminolic acid,564-13-6,C30H48O6
AUTOGEN_DRUG_285,P51449,2.05914,10,TMS0943,285,OCC1(CO)C(O)C(O)CC2(C1CCC1(C2CC=C2C1(C)CC(O)C1(C2CC(CC1)(C)C)C(=O)O)C)C,Platycodigenin,22327-82-8,C30H48O7
AUTOGEN_DRUG_3497,P51449,2.05881,16,TN7120,3497,O[C@@H]1CC[C@]2([C@@H](C1)CC(=O)[C@@H]1[C@@H]2C[C@H](O)[C@]2([C@H]1CC[C@@H]2[C@@H](CCC(=O)O)C)C)C,7-keto-deoxycholic acid,911-40-0,C24H38O5
AUTOGEN_DRUG_1708,P51449,2.05651,14,T5582,1708,O=C/C(=C/C=C/C(=C/C=C/C=C(/C=C/C=C(/C=C/C1=C(C)CCCC1(C)C)\C)\C)/C)/C,Apocarotenal,1107-26-2,C30H40O
AUTOGEN_DRUG_406,P51449,2.05554,13,TN1226,406,COC([C@@H]([C@H](C[C@H](C1=C2C[C@H](O)[C@@H]3[C@]([C@]2(CC1)C)(C)CC[C@@H]1[C@]3(C)CCC(=O)C1(C)C)C)O)O)(C)C,25-O-Methylalisol A,155801-00-6,C31H52O5
AUTOGEN_DRUG_1376,P51449,2.05341,10,T3387,1376,COC(=O)[C@@]1(C)CC[C@]2([C@@H](C1)C1=CC[C@H]3[C@@]([C@@]1(CC2)C)(C)CC[C@@H]1[C@]3(C)C[C@H](O)[C@@H]([C@@]1(C)CO)O)C(=O)O,Phytolaccagenin,1802-12-6,C31H48O7
AUTOGEN_DRUG_2945,P51449,2.05003,16,T7927,2945,CC(=O)C=CC1=C(C)CCCC1(C)C,¦Â-Ionone,14901-07-6,C13H20O
AUTOGEN_DRUG_634,P51449,2.0356,11,T4519,634,O[C@H]([C@H](C(O)(C)C)O)C[C@H](C1=C2C[C@H](O)[C@@H]3[C@]([C@]2(CC1)C)(C)CCC1[C@]3(C)CCC(=O)C1(C)C)C,Alisol A,19885-10-0,C30H50O5
AUTOGEN_DRUG_823,P51449,2.02996,8,TN1258,823,CC(=O)O[C@@H]1CC[C@]2([C@H]([C@@]1(C)C(=O)O)CC[C@@]1([C@@H]2CC=C2[C@@]1(C)CC[C@@]1([C@H]2[C@@H](C)[C@H](C)CC1)C)C)C,3-O-Acetyl-beta-boswellic acid,5968-70-7,C32H50O4
AUTOGEN_DRUG_3445,P51449,2.01749,10,TN1475,3445,OC[C@]1(C)[C@@H](O)CC[C@]2([C@H]1CC[C@@]1([C@@H]2CC=C2[C@@]1(C)C[C@@H](O)[C@@]1([C@H]2CC(CC1)(C)C)C(=O)O)C)C,Caulophyllogenin,52936-64-8,C30H48O5
AUTOGEN_DRUG_1254,P51449,2.01696,13,T8275,1254,C[C@H]1CC[C@@H]([C@H](C1)O)C(=C)C,(+)-Isopulegol,104870-56-6,C10H18O
AUTOGEN_DRUG_2571,P51449,2.01696,13,Fr14207,2571,C[C@@H]1CC[C@H]([C@@H](C1)O)C(=C)C,(-)-Isopulegol,89-79-2,C10H18O
AUTOGEN_DRUG_927,P51449,2.0154,17,T8166,927,OC[C@H]1O[C@@H](O[C@H]2CC[C@]3(C(=CC[C@@H]4[C@@H]3CC[C@]3([C@H]4C[C@H]4[C@]3(O)[C@H](C)[C@]3(O4)CC[C@H](CO3)C)C)C2)C)[C@@H]([C@H]([C@@H]1O[C@@H]1O[C@@H](C)[C@@H]([C@H]([C@H]1O)O)O)O)O[C@@H]1O[C@@H](C)[C@@H]([C@H]([C@H]1O)O)O,Pennogenin 3-O-beta-chacotrioside,55916-52-4,C45H72O17
AUTOGEN_DRUG_1726,P51449,2.00943,8,TN7020,1726,O[C@H]1C[C@@]2([C@]([C@H]1[C@@]1(C)CC[C@H](O1)C(O)(C)C)(C)CC=C1[C@H]2C[C@H](O)[C@@H]2[C@]1(C)CC[C@@H](C2(C)C)O)C,Astragenol,86541-79-9,C30H50O5
AUTOGEN_DRUG_276,P51449,2.00774,14,TN1059,276,O=C(C[C@H](C(=O)O)C)C[C@H]([C@H]1CC(=O)[C@@]2([C@]1(C)CC(=O)C1=C2[C@@H](O)C[C@@H]2[C@]1(C)CC[C@@H](C2(C)C)O)C)C,Ganoderic acid B,81907-61-1,C30H44O7
AUTOGEN_DRUG_984,P51449,2.00087,13,T5A2455,984,O[C@H]1CC[C@]2([C@@H](C1)CC[C@@H]1[C@@H]2[C@H](O)C(=O)[C@]2([C@]1(O)CC[C@@H]2c1ccc(=O)oc1)C)C,Arenobufagin,464-74-4,C24H32O6
AUTOGEN_DRUG_2765,P51449,1.99688,10,T0443,2765,OC[C@H]1O[C@@H](Oc2ccccc2CO)[C@@H]([C@H]([C@@H]1O)O)O,Salicoside,138-52-3,C13H18O7
AUTOGEN_DRUG_1705,P51449,1.99665,11,T41372,1705,CC[C@H]([C@@H]([C@H]([C@H]([C@H]1CC[C@@H]2[C@]1(C)CC[C@H]1[C@H]2COC(=O)[C@@H]2[C@]1(C)C[C@@H](O)[C@H](C2)O)C)O)O)C(C)C,"(22S,23S)-Homobrassinolide",80483-89-2,C29H50O6
AUTOGEN_DRUG_423,P51449,1.99665,14,T3S0153,423,CC(=O)/C=C/C1=CC[C@H]2[C@H](C[C@@H]1C)OC(=O)C2=C,Xanthatin,26791-73-1,C15H18O3
AUTOGEN_DRUG_3423,P51449,1.995,16,TN2343,3423,OC[C@H]1O[C@@H](O[C@H]2CC[C@]3(C(=CC[C@@H]4[C@@H]3C(=O)C3=C(C)[C@]5(CC[C@@H]43)O[C@H]3[C@H]([C@H]5C)NC[C@H](C3)C)C2)C)[C@@H]([C@H]([C@@H]1O)O)O,Pseudojervine,36069-05-3,C33H49NO8
AUTOGEN_DRUG_38,P51449,1.98607,15,TQ0248,38,O[C@H]1CC2=C3[C@H](C)C[C@H](O[C@H]3C[C@@]2([C@@]2([C@@H]1[C@@]1(C)CCC(=O)C([C@@H]1CC2)(C)C)C)C)[C@H](C(O)(C)C)O,Alisol F,155521-45-2,C30H48O5
AUTOGEN_DRUG_1182,P51449,1.98566,9,TN3500,1182,c,beta-Amyrone,638-97-1,C30H48O
AUTOGEN_DRUG_2205,P51449,1.98429,18,T3130,2205,O=C(O[C@H]1CC[C@@H]2[C@]1(C)CC[C@H]1[C@H]2CCC2=CC(=O)CC[C@]12C)CCc1ccccc1,Testosterone phenylpropionate,1255-49-8,C28H36O3
AUTOGEN_DRUG_703,P51449,1.98253,10,T3S1850,703,OC[C@]1(C)[C@@H](O)[C@@H](O)C[C@]2([C@H]1CC[C@@]1([C@@H]2CC=C2[C@@]1(C)CC[C@@]1([C@H]2CC(CC1)(C)C)C(=O)O)C)C,Bayogenin,6989-24-8,C30H48O5
AUTOGEN_DRUG_2579,P51449,1.97498,17,T13522,2579,O[C@@H]1CC[C@]2([C@@H](C1)CC(=O)[C@@H]1[C@@H]2CC[C@]2([C@H]1CC[C@@H]2[C@@H](CCC(=O)O)C)C)C,7-Ketolithocholic acid,4651-67-6,C24H38O4
AUTOGEN_DRUG_329,P51449,1.97289,15,T16838,329,OC[C@]12CCC(CC2=C2[C@](C[C@@H]1O)(C)[C@]1(C)CC[C@@H]3[C@]([C@H]1C=C2)(C)CC[C@@H]([C@@]3(C)CO)O)(C)C,Saikogenin A,5092/9/1,C30H48O4
AUTOGEN_DRUG_547,P51449,1.96743,9,T3770,547,C=C1CC[C@]2([C@H]([C@@H]1C)[C@H]1CC[C@H]3[C@@]([C@@]1(CC2)C)(C)CC[C@@H]1[C@]3(C)CC[C@@H](C1(C)C)O)C,Taraxasterol,1059-14-9,C30H50O
AUTOGEN_DRUG_1568,P51449,1.95613,9,T3371,1568,O=C[C@]1(C)[C@@H](O)CC[C@]2([C@H]1CC[C@@]1([C@@H]2CC=C2[C@@]1(C)C[C@@H](O)[C@@]1([C@H]2CC(CC1)(C)C)C(=O)O)C)C,Quillaic Acid,631-01-6,C30H46O5
AUTOGEN_DRUG_67,P51449,1.94119,17,TN1195,67,OC[C@H]1O[C@@H](O[C@H]2CC[C@]3(C(=CC[C@@H]4[C@@H]3CC[C@]3([C@H]4C[C@H]4[C@]3(O)[C@H](C)[C@]3(O4)CC[C@H](CO3)C)C)C2)C)[C@@H]([C@H]([C@@H]1O[C@@H]1OC[C@H]([C@@H]([C@H]1O)O)O)O)O[C@@H]1O[C@@H](C)[C@@H]([C@H]([C@H]1O)O)O,17-Hydroxy sprengerinin C,1029017-75-1,C44H70O17
AUTOGEN_DRUG_1270,P51449,1.93088,13,TMS2180,1270,O[C@@H]1CC(=C(C(C1)(C)C)/C=C/C(=C/C=C/C(=C/C=C/C=C(/C=C/C=C(/C=C/C1=C(C)C[C@H](CC1(C)C)O)\C)\C)/C)/C)C,Zeaxanthin,144-68-3,C40H56O2
AUTOGEN_DRUG_873,P51449,1.93003,12,T5727,873,OC[C@@]1(O)C[C@@]23C[C@H]1CC[C@H]3[C@]1([C@H](CC2)c2ccoc2CC1)C,CAFESTOL,469-83-0,C20H28O3
AUTOGEN_DRUG_2567,P51449,1.92946,12,T8026,2567,CC1=CC[C@H](CC1)C(=C)C,(-)-Limonene,5989-54-8,C10H16
AUTOGEN_DRUG_313,P51449,1.92767,12,TQ0218,313,OC[C@]1(C)[C@H](O)CC[C@@]2([C@@H]1CCC(=C2CCC1=CCOC1=O)C)C,Deoxyandrographolide,79233-15-1,C20H30O4
AUTOGEN_DRUG_2411,P51449,1.92394,13,T7990,2411,O=C1CC[C@]2(C(=C1)CC[C@@H]1[C@]2(O)CC[C@]2([C@H]1CCC2=O)C)C,"9-hydroxy-4-androstene-3,17-dione",560-62-3,C19H26O3
AUTOGEN_DRUG_920,P51449,1.92225,10,T8167,920,O[C@H]1C[C@@]2(C)[C@H]([C@]([C@H]1O)(C)C(=O)O)CC[C@@]1([C@@H]2CC=C2[C@@]1(C)CC[C@@]1([C@H]2CC(C)(C)CC1)C(=O)O)C,medicagenic acid,599-07-5,C30H46O6
AUTOGEN_DRUG_111,P51449,1.92139,14,T13500,111,CC(=O)O[C@@H]1C[C@H]2C(=O)C=C3[C@@H]([C@]2(C[C@@H]1O)C)CC[C@]1([C@]3(O)CC[C@@H]1[C@]([C@@H](CCC(O)(C)C)O)(O)C)C,3-O-Acetyl-20-Hydroxyecdysone,22961-68-8,C29H46O8
AUTOGEN_DRUG_1164,P51449,1.92139,15,T3870,1164,O[C@H]1C[C@@]2(C)[C@@H](C[C@H]1O)C(=O)C=C1[C@@H]2CC[C@]2([C@@]1(O)CC[C@@H]2[C@]([C@@H](C[C@@H]1[C@@H](C)OC(=O)[C@H]1C)O)(O)C)C,Cyasterone,17086-76-9,C29H44O8
AUTOGEN_DRUG_1287,P51449,1.92139,15,T5688,1287,CC1=C2CC[C@@]([C@@H]2[C@@H]2[C@@H](CC1)C(=C)C(=O)O2)(C)O,Micheliolide,68370-47-8,C15H20O3
AUTOGEN_DRUG_187,P51449,1.92139,12,TN1131,187,CC(=O)O[C@H]1C[C@@](C)(O)[C@H]2[C@@H]([C@@H]3[C@@H]1[C@]1(C[C@]45[C@@H]([C@@]1(C)C=C4)[C@@H]1OC(=O)C(=C)[C@@H]1CC[C@@]5(C)O)C(=O)O3)C(=CC2)C,Handelin,62687-22-3,C32H40O8
AUTOGEN_DRUG_209,P51449,1.92139,12,T4S0528,209,CC(=O)O[C@@H]1[C@H]2CC[C@@H]3[C@]1(C[C@@H](O)[C@]1([C@H]([C@]3(C)O)[C@H]3[C@@H](C1(C)C)O3)O)C[C@@]2(C)O,Rhodojaponin V,37720-86-8,C22H34O7
AUTOGEN_DRUG_310,P51449,1.92139,14,T5S0527,310,O[C@@H]1[C@H]2CC[C@@H]3[C@]1(C[C@@H](O)[C@]1([C@H]([C@]3(C)O)[C@H]3[C@@H](C1(C)C)O3)O)C[C@@]2(C)O,Rhodojaponin III,26342-66-5,C20H32O6
AUTOGEN_DRUG_555,P51449,1.92139,16,T5S0526,555,CC(=O)O[C@@H]1C[C@@]23C[C@@]([C@@H]([C@H]2O)CC[C@H]3[C@@]([C@H]2[C@@]1(O)C(C)(C)[C@@H]1[C@H]2O1)(C)O)(C)O,Rhodojaponin II,26116-89-2,C22H34O7
AUTOGEN_DRUG_580,P51449,1.92139,20,TQ0234,580,C=C1C(=O)O[C@H]2[C@H]1CC[C@]1([C@@]3([C@@H]2[C@](C)(O)CC3)O1)C,Epoxymicheliolide,1343403-10-0,C15H20O4
AUTOGEN_DRUG_686,P51449,1.92139,18,TMS1461,686,CO[C@H]1C[C@H](O[C@H]2CC[C@]3(C(=CC[C@@]4([C@@H]3C[C@@H](OC(=O)/C=C(/C(C)C)\C)[C@]3([C@]4(O)CC[C@@]3(O)C(=O)C)C)O)C2)C)O[C@@H]([C@H]1O[C@H]1C[C@H](OC)[C@@H]([C@H](O1)C)O[C@H]1C[C@@H](OC)[C@@H]([C@H](O1)C)O)C,Otophylloside B,106758-54-7,C49H78O16
AUTOGEN_DRUG_1790,P51449,1.91836,10,T3S0195,1790,O=C1C[C@@H](C)[C@]2(C(=C1)CC[C@H](C2)C(=C)C)C,Nootkatone,4674-50-4,C15H22O
AUTOGEN_DRUG_911,P51449,1.91178,15,T5A2461,911,O[C@H]1CC[C@]2([C@@H](C1)CC[C@@H]1[C@@H]2CC[C@]2([C@]1(O)C[C@@H]([C@@H]2c1ccc(=O)oc1)OC(=O)C)C)C,Bufotaline,471-95-4,C26H36O6
AUTOGEN_DRUG_245,P51449,1.89869,14,TN1439,245,OC[C@H]1O[C@@H](OC(=O)[C@@]23CCC(C[C@H]3C3=CC[C@H]4[C@@]([C@@]3(CC2)C)(C)CC[C@@H]2[C@]4(C)CC[C@@H](C2(C)C)O)(C)C)[C@@H]([C@H]([C@@H]1O)O)O,Oleanolic acid 28-O-¦Â-D-glucopyranoside,14162-53-9,C36H58O8
AUTOGEN_DRUG_862,P51449,1.89697,20,T4S1469,862,O[C@H]1C[C@@H]2C(=CC[C@@H]3[C@@]2(C)C(=O)C[C@]2([C@@]3(C)C[C@H]([C@@H]2[C@](C(=O)CCC(O)(C)C)(O)C)O)C)C([C@@H]1O)(C)C,Cucurbitacin IIb,50298-90-3,C30H48O7
AUTOGEN_DRUG_140,P51449,1.89555,14,TN1198,140,OC[C@]12CC[C@@H](C[C@H]1CC[C@@H]1[C@@H]2CC[C@]2([C@]1(O)CC[C@@H]2c1ccc(=O)oc1)C)O,19-Hydroxybufalin,39844-86-5,C24H34O5
AUTOGEN_DRUG_308,P51449,1.88446,12,T4A2462,308,O[C@H]1CC[C@]2([C@](C1)(O)CC[C@@H]1[C@@H]2CC[C@]2([C@]1(O)CC[C@@H]2c1ccc(=O)oc1)C)C,Telocinobufagin,472-26-4,C24H34O5
AUTOGEN_DRUG_1043,P51449,1.86632,18,T4A2458,1043,O[C@H]1CC[C@]2([C@@H](C1)CC[C@@H]1[C@@H]2CC[C@]2([C@]31O[C@@H]3C[C@@H]2c1ccc(=O)oc1)C)C,Resibufogenin,465-39-4,C24H32O4
AUTOGEN_DRUG_2900,P51449,1.86612,14,T5620,2900,OC1C2(C)CCC(C1(C)C)C2,Fenchyl Alcohol,1632-73-1,C10H18O
AUTOGEN_DRUG_190,P51449,1.8591,12,TQ0065,190,O[C@H]1CC[C@]2([C@@H](C1)CC[C@@H]1[C@@H]2C(=O)[C@H](O)[C@]2([C@@]1(O)CC[C@@H]2c1ccc(=O)oc1)C)C,Pseudobufarenogin,17008-69-4,C24H30O6
AUTOGEN_DRUG_3419,P51449,1.8591,12,TN1459,3419,O[C@H]1CC[C@]2([C@@H](C1)CC[C@@H]1[C@@H]2C(=O)[C@@H](O)[C@]2([C@]1(O)CC[C@@H]2c1ccc(=O)oc1)C)C,Bufarenogin,17008-65-0,C24H32O6
AUTOGEN_DRUG_2333,P51449,1.8499,12,TN3604,2333,CC(=C)C1CC=C(C(C1)O)C,Carveol,99-48-9,C10H16O
AUTOGEN_DRUG_1918,P51449,1.82241,17,TQ0185,1918,OC[C@]1(C)[C](O)CC[C@@]2([C@@H]1CCC(=C)[C@H]2/C=C/C1=CCOC1=O)C,"14-Deoxy-11,12-didehydroandrographolide",42895-58-9,C20H27O4
AUTOGEN_DRUG_1516,P51449,1.82229,15,T4S1943,1516,OC[C@@H]([C@@]1(C)CC[C@@H]2C(=C1)CC[C@H]1[C@@]2(C)C[C@H](O)C[C@@]1(C)CO)O,Kirenol,52659-56-0,C20H34O4
AUTOGEN_DRUG_1848,P51449,1.82127,13,T2763,1848,O[C@@H]1C[C@@H]2[C@@]3(C)CC[C@@H](C([C@@H]3CC[C@]2([C@]2([C@H]1[C@H](CC2)[C@@]1(C)CCCC(O1)(C)C)C)C)(C)C)O,Panaxadiol,19666-76-3,C30H52O3
AUTOGEN_DRUG_516,P51449,1.81405,19,T3S0860,516,C[C@@H]1CC[C@@]2(OC1)O[C@@H]1[C@H]([C@@H]2C)[C@@]2([C@@H](C1)[C@@H]1CC[C@@H]3[C@]([C@H]1CC2)(C)C[C@H]([C@@H](C3)O)O)C,Gitogenin,511-96-6,C27H44O4
AUTOGEN_DRUG_1077,P51449,1.81099,16,T6S2243,1077,CC(=O)O[C@@H](C(O)(C)C)[C@H](C[C@H](C1=C2C[C@H](O)[C@@H]3[C@]([C@]2(CC1)C)(C)CC[C@@H]1[C@]3(C)CCC(=O)C1(C)C)C)O,Alisol A 24-acetate,18674-16-3,C32H52O6
AUTOGEN_DRUG_1181,P51449,1.79913,14,TN1438,1181,CC(=O)O[C@H]1CC[C@]2([C@H](C1(C)C)CC[C@@]1([C@@H]2CC=C2[C@@]1(C)CC[C@@]1([C@H]2CC(C)(C)CC1)C)C)C,beta-Amyrin acetate,1616-93-9,C32H52O2
AUTOGEN_DRUG_191,P51449,1.79897,12,TN1111,191,C=C1CC[C@]2([C@H]([C@@H]1C)[C@H]1CC[C@H]3[C@@]([C@@]1(C[C@@H]2O)C)(C)CC[C@@H]1[C@]3(C)CC[C@@H](C1(C)C)O)C,Arnidiol,6750-30-7,C30H50O2
AUTOGEN_DRUG_929,P51449,1.79749,13,T8183,929,OC[C@H]1O[C@@H](O[C@H]2[C@@H](O)C[C@@H](O[C@@H]2C)O[C@H]2[C@@H](O)C[C@@H](O[C@@H]2C)O[C@H]2[C@@H](O)C[C@@H](O[C@@H]2C)O[C@H]2CC[C@]3([C@@H](C2)CC[C@@H]2[C@@H]3C[C@@H](O)[C@]3([C@]2(O)CC[C@@H]3C2=CC(=O)OC2)C)C)[C@@H]([C@H]([C@@H]1O)O)O,Deslanoside,17598-65-1,C47H74O19
AUTOGEN_DRUG_937,P51449,1.79287,10,T5S0106,937,O[C@H]1CC[C@]2([C@H](C1)C(=O)C[C@@H]1[C@@H]2CC2=C(C)[C@]3(CC[C@@H]12)O[C@H]1[C@H]([C@H]3C)NC[C@H](C1)C)C,Peimisine,19773-24-1,C27H41NO3
AUTOGEN_DRUG_521,P51449,1.79281,15,TN1828,521,OC[C@@]1(O)C[C@@]23C[C@H]1CC[C@H]3[C@]1([C@H](CC2)c2ccoc2C=C1)C,Kahweol,6894-43-5,C20H26O3
AUTOGEN_DRUG_794,P51449,1.79038,12,T11685,794,CC1(C)[C@H]2CC[C@@]3(C1=CCCC3(C)C)C2,Isolongifolene,1135-66-6,C15H24
AUTOGEN_DRUG_544,P51449,1.78995,17,TN1934,544,OC[C@@H]1O[C@H](OC[C@@H]2O[C@H](O[C@H](C(O)(C)C)CC[C@@H]([C@@H]3CC[C@]4([C@@]3(C)C[C@@H](O)[C@@]3(C4CC=C4[C@H]3CC[C@@H](C4(C)C)O)C)C)C)[C@H]([C@@H]([C@H]2O)O)O)[C@H]([C@@H]([C@H]1O)O)O,Mogroside IIA1,88901-44-4,C42H72O14
AUTOGEN_DRUG_2626,P51449,1.78712,16,T22221,2626,CCCCCCCCCC(O)C,2-Undecanol,1653-30-1,C11H24O
AUTOGEN_DRUG_3583,P51449,1.78712,16,T35702,3583,CCCCCC(O)C,2-Heptanol,543-49-7,C7H16O
AUTOGEN_DRUG_148,P51449,1.78245,14,TJS0928,148,O[C@@H]1[C@@H](O)[C@@H](O[C@@H]([C@H]1O)C(=O)O)O[C@H]1CC[C@]2([C@H](C1(C)C)CC[C@@]1([C@@H]2CC=C2[C@@]1(C)CC[C@@]1([C@H]2CC(C)(C)CC1)C(=O)O)C)C,Calenduloside E,26020-14-4,C36H56O9
AUTOGEN_DRUG_2420,P51449,1.78142,13,T2S1992,2420,O/N=C/C1=CCC(CC1)C(=C)C,Perillartine,30950-27-7,C10H15NO
AUTOGEN_DRUG_778,P51449,1.77299,16,T4S1247,778,OC[C@H]1O[C@@H](O[C@H]2CC[C@]3(C(=CC[C@@H]4[C@@H]3CC[C@]3([C@@]4(O)C[C@H]4[C@@H]3[C@H](C)[C@]3(O4)CC[C@H](CO3)C)C)C2)C)[C@@H]([C@H]([C@@H]1O[C@@H]1OC[C@H]([C@@H]([C@H]1O)O)O)O)O[C@@H]1O[C@@H](C)[C@@H]([C@H]([C@H]1O)O)O,14-Hydroxy sprengerinin C,1111088-89-1,C44H70O17
AUTOGEN_DRUG_461,P51449,1.77035,18,TMA2270,461,CC(=O)O[C@@H](C(O)(C)C)[C@@H]1C[C@@H](C)C2=C3[C@@](CC2O1)(C)[C@@]1(C)CCC2[C@]([C@@H]1[C@H](C3)O)(C)CCC(=O)C2(C)C,Alisol F 24-acetate,443683-76-9,C32H50O6
AUTOGEN_DRUG_1276,P51449,1.76587,16,T6S0109,1276,O[C@H]1CC[C@]2([C@H](C1)C(=O)C[C@@H]1[C@@H]2C[C@@H]2[C@H]1CC[C@@H]1[C@H]2CN2C[C@@H](C)CC[C@H]2[C@@]1(C)O)C,Sipeimine,61825-98-7,C27H43NO3
AUTOGEN_DRUG_1464,P51449,1.76587,16,T6S0105,1464,O[C@H]1CC[C@]2([C@H](C1)C(=O)C[C@@H]1[C@@H]2C[C@@H]2[C@H]1CC[C@H]1[C@H]2CN2C[C@@H](C)CC[C@H]2[C@@]1(C)O)C,Peiminine,18059-10-4,C27H43NO3
AUTOGEN_DRUG_1913,P51449,1.75408,13,T7974,1913,C#C[C@]1(O)CC[C@@H]2[C@]1(C)CC[C@H]1[C@H]2CCC2=CCCC[C@H]12,Lynestrenol,52-76-6,C20H28O
AUTOGEN_DRUG_1240,P51449,1.75369,17,T6S2038,1240,O[C@H]1CO[C@H]([C@@H]([C@H]1O)O)O[C@H]1CC[C@]2([C@H](C1(C)C)CC[C@@]1([C@@H]2CC=C2[C@@]1(C)CC[C@@]1([C@H]2[C@](C)(O)[C@H](C)CC1)C(=O)O)C)C,Ziyuglycoside II,35286-59-0,C35H56O8
AUTOGEN_DRUG_108,P51449,1.75253,16,T3S0208,108,OC[C@H]1O[C@@H](OC(=O)[C@@]23CCC(C[C@H]3C3=CC[C@H]4[C@@]([C@@]3(CC2)C)(C)CC[C@@H]2[C@]4(C)CC[C@@H]([C@@]2(C)CO)O)(C)C)[C@@H]([C@H]([C@@H]1O)O)O,Hederagenin-28-beta-D-glucopyranoside,53931-25-2,C36H58O9
AUTOGEN_DRUG_827,P51449,1.75032,18,TN1056,827,OC[C@H]1O[C@@H](O[C@@H](C(O)(C)C)CC[C@H]([C@H]2CC[C@@]3([C@]2(C)C[C@@H](O)[C@@]2([C@H]3CC=C3[C@H]2CC[C@@H](C3(C)C)O[C@@H]2O[C@H](CO)[C@H]([C@@H]([C@H]2O)O)O)C)C)C)[C@@H]([C@H]([C@@H]1O)O)O,Mogroside IIe,88901-38-6,C42H72O14
AUTOGEN_DRUG_3390,P51449,1.73839,17,T9112,3390,O=CC1=CC[C@H](CC1)C(=C)C,(-)-Perillaldehyde,18031-40-8,C10H14O
AUTOGEN_DRUG_1427,P51449,1.73553,8,T3796,1427,O=C[C@@]12CC[C@H]([C@@H]2[C@@H]2[C@](CC1)(C)[C@]1(C)CC[C@@H]3[C@]([C@H]1CC2)(C)CC[C@@H](C3(C)C)O)C(=C)C,Betulinaldehyde,13159-28-9,C30H48O2
AUTOGEN_DRUG_138,P51449,1.72781,18,TN2755,138,C=C1C(=O)O[C@@H]2[C@@H]1C[C@]1(C)[C@@H](O)CC[C@H]1[C@@H](C2)C,2-Desoxy-4-epi-pulchellin,122872-03-1,C15H22O3
AUTOGEN_DRUG_2971,P51449,1.72738,19,T2S2264,2971,C=CC(CCC=C(C)C)(O)C,Linalool,78-70-6,C10H18O
AUTOGEN_DRUG_1525,P51449,1.71507,19,T2824,1525,OC[C@H]1O[C@@H](OC(=O)[C@@]23CC[C@H]([C@@]([C@H]3C3=CC[C@H]4[C@@]([C@@]3(CC2)C)(C)CC[C@@H]2[C@]4(C)CC[C@@H]([C@@]2(C)CO)O)(C)O)C)[C@@H]([C@H]([C@@H]1O)O)O,Pedunculoside,42719-32-4,C36H58O10
AUTOGEN_DRUG_407,P51449,1.70699,13,TN6712,407,O[C@H]1CC[C@]2([C@H](C1)C(=O)C[C@@H]1[C@@H]2[C@@H](O)C2=C(C)[C@]3(CC[C@@H]12)O[C@H]1[C@H]([C@H]3C)NC[C@H](C1)C)C,yibeissine,143502-51-6,C27H41NO4??
AUTOGEN_DRUG_1747,P51449,1.70377,14,T2804,1747,O[C@@H]1C[C@]2(C)[C@@H]([C@@]3([C@@H]1C(C)(C)[C@@H](O)CC3)C)C[C@H]([C@H]1[C@@]2(C)CC[C@@H]1[C@@]1(C)CCCC(O1)(C)C)O,Panaxtriol,32791-84-7,C30H52O4
AUTOGEN_DRUG_1808,P51449,1.69796,17,T2813,1808,OC[C@H]1O[C@@H](OC[C@H]2O[C@@H](OC(=O)[C@@]34CC[C@H]([C@@H]([C@H]4C4=CC[C@H]5[C@@]([C@@]4(CC3)C)(C)C[C@@H](O)[C@H]3[C@]5(C)C[C@H]([C@@H]([C@@]3(C)CO)O)O)C)C)[C@@H]([C@H]([C@@H]2O)O)O)[C@@H]([C@H]([C@@H]1O[C@@H]1O[C@@H](C)[C@@H]([C@H]([C@H]1O)O)O)O)O,Madecassoside,34540-22-2,C48H78O20
AUTOGEN_DRUG_2371,P51449,1.68793,17,T8292,2371,CC1=CC[C@@]23C[C@@H]1C(C)(C)[C@@H]2CC[C@H]3C,Alpha-Cedrene,469-61-4,C15H24
AUTOGEN_DRUG_3451,P51449,1.68325,14,TN1599,3451,CC(C(=C)CC[C@H]([C@H]1CC[C@@]2([C@]1(C)CCC1=C2CC[C@@H]2[C@]1(C)CC[C@@H](C2(C)C)O)C)C(=O)O)C,Eburicoic acid,560-66-7,C31H50O3
AUTOGEN_DRUG_1507,P51449,1.683,19,T4951,1507,OC[C@@]1(O)C[C@@]23C[C@H]1CC[C@H]3[C@]1([C@H](CC2)C(C)(C)CCC1)C,"kauran-16,17-diol",16836-31-0,C20H34O2
AUTOGEN_DRUG_766,P51449,1.66591,18,TQ0170,766,O[C]1CC[C@]2([C@@H](C1)CC[C@@H]1[C@@H]2CC[C@]2([C@]31O[C@@H]3[C]([C@@H]2c1ccc(=O)oc1)O)C)C,Desacetylcinobufagin,4026-95-3,C24H30O5
AUTOGEN_DRUG_1852,P51449,1.66331,18,T5S0018,1852,CC(=C)[C@@H]1CC[C@]2([C@H]1[C@H]1CC[C@H]3[C@@]([C@]1(C)CC2)(C)CC[C@@H]1[C@]3(C)CCC(=O)C1(C)C)C(=O)O,Betulonic acid,4481-62-3,C30H46O3
AUTOGEN_DRUG_1178,P51449,1.66021,17,T2S0690,1178,OC[C@H]1O[C@@H](O[C@H]2CC[C@]3([C@H](C2(C)C)CC[C@@]2([C@@H]3CC=C3[C@@]2(C)C[C@H]([C@@]2([C@H]3CC(C)(C)CC2)C(=O)O)O)C)C)[C@@H]([C@H]([C@@H]1O)O)O,Ecliptasaponin A,78285-90-2,C36H58O9
AUTOGEN_DRUG_159,P51449,1.65,18,T2S1194,159,OC[C@H]1O[C@@H](OC[C@H]2O[C@@H](O[C@@H]3CC[C@H]4C(=CC[C@@H]5[C@]4(C)[C@@H](O)C[C@]4([C@@]5(C)CC[C@@H]4[C@@H](CC[C@H](C(O)(C)C)O)C)C)C3(C)C)[C@@H]([C@H]([C@@H]2O)O)O)[C@@H]([C@H]([C@@H]1O)O)O,Mogroside II-A2,88901-45-5,C42H72O14
AUTOGEN_DRUG_1390,P51449,1.63872,19,T8247,1390,C[C@@H]1CC[C@@H]2[C@@H]1[C@H]1[C@H](C1(C)C)CCC2=C,(+)-Aromadendrene,489-39-4,C15H24
AUTOGEN_DRUG_1135,P51449,1.63549,15,T4S1312,1135,COC(=O)[C@H]1O[C@@H](O[C@H]2CC[C@]3([C@H]([C@]2(C)C=O)CC[C@@]2([C@@H]3CC=C3[C@@]2(C)CC[C@@]2([C@H]3CC(C)(C)CC2)C(=O)O)C)C)[C@@H]([C@H]([C@@H]1O)O)O,Methyl gypsogenin 3-O-beta-D-glucuronopy,96553-02-5,C37H56O10
AUTOGEN_DRUG_3452,P51449,1.61884,18,T13776,3452,OC[C@H]1O[C@@H](O[C@@H](C(O)(C)C)CC[C@H]([C@H]2CC[C@@]3([C@]2(C)C[C@@H](O)[C@@]2([C@H]3CC=C3[C@H]2CC[C@@H](C3(C)C)O)C)C)C)[C@@H]([C@H]([C@@H]1O)O)O[C@@H]1O[C@H](CO)[C@H]([C@@H]([C@H]1O)O)O,Mogroside II-?A,C42H72O14,801.01
AUTOGEN_DRUG_440,P51449,1.61828,20,T6S1495,440,OC[C@H]1O[C@@H](O[C@H]2C[C@]3(C)[C@@H]([C@@]4([C@@H]2C(C)(C)[C@@H](O)CC4)C)C[C@H]([C@H]2[C@@]3(C)CC[C@@H]2C(=C)CCC=C(C)C)O)[C@@H]([C@H]([C@@H]1O)O)O,Ginsenoside Rk3,364779-15-7,C36H60O8
AUTOGEN_DRUG_2600,P51449,1.61699,20,T7921,2600,O=CC1=C(C)CCCC1(C)C,beta-Cyclocitral,432-25-7,C10H16O
AUTOGEN_DRUG_411,P51449,1.61463,17,T10993,411,O=C1CC[C@]2([C@H](C1(C)C)CC[C@@]1([C@@H]2CCC2=C3CC(C)(C)CC[C@@]3(CC[C@@]12C)C)C)C,¦Ä-Amyrenone,20248-08-2,C30H48O
AUTOGEN_DRUG_1174,P51449,1.60136,15,T3S2197,1174,O[C@H]1C[C@@]2(C)[C@H]([C@]([C@H]1O)(C)C(=O)O)CC[C@@]1([C@@H]2CCC2=C1CC[C@@]1([C@H]2CC(C)(C)CC1)C(=O)O)C,Polygalic acid,1260-04-4,C29H44O6
AUTOGEN_DRUG_1066,P51449,1.59796,20,T1670,1066,OC[C@H]1O[C@@H](O[C@@H]2[C@@H](C)O[C@H](C[C@@H]2OC(=O)C)O[C@H]2[C@@H](O)C[C@@H](O[C@@H]2C)O[C@H]2[C@@H](O)C[C@@H](O[C@@H]2C)O[C@H]2CC[C@]3([C@@H](C2)CC[C@@H]2[C@@H]3C[C@@H](O)[C@]3([C@]2(O)CC[C@@H]3C2=CC(=O)OC2)C)C)[C@@H]([C@H]([C@@H]1O)O)O,Lanatoside C,17575-22-3,C49H76O20
AUTOGEN_DRUG_32,P51449,1.59376,14,T13082,32,OC[C@@H]1O[C@H]([C@@H]([C@H]1O)O)O[C@@H]1[C@H](O[C@H]([C@@H]([C@H]1O)O)O[C@H]1CC[C@]2([C@H](C1(C)C)CC[C@@]1([C@@H]2CC=C2[C@@]1(C)CC[C@]1([C@H]2CC(C)(C)CC1)C(=O)O)C)C)C(=O)O,Tarasaponin VI,59252-95-8,C41H64O13
AUTOGEN_DRUG_279,P51449,1.58125,19,TN1600,279,OC[C@H]1O[C@@H](O[C@H]2CC[C@]3([C@H](C2(C)C)CC[C@@]2([C@@H]3CC=C3[C@@]2(C)C[C@H]([C@@]2([C@H]3CC(C)(C)CC2)C(=O)O[C@@H]2O[C@H](CO)[C@H]([C@@H]([C@H]2O)O)O)O)C)C)[C@@H]([C@H]([C@@H]1O)O)O,Eclalbasaponin I,158511-59-2,C42H68O14
AUTOGEN_DRUG_396,P51449,1.57532,11,TN1255,396,CC(=O)O[C@@H]1CC[C@]2([C@H]([C@@]1(C)C(=O)O)CC[C@@]1([C@@H]2[C@H](O)C=C2[C@@]1(C)CC[C@@]1([C@H]2[C@@H](C)[C@H](C)CC1)C)C)C,3-O-Acetyl-11-hydroxy-beta-boswellic acid,146019-25-2,C32H50O5
AUTOGEN_DRUG_316,P51449,1.57435,20,TN1153,316,CC(C(=C)CC[C@H]([C@H]1[C@H](O)C[C@@]2([C@]1(C)CC=C1C2=CC[C@@H]2[C@]1(C)CCC(=O)C2(C)C)C)C(=O)O)C,Polyporenic acid C,465-18-9,C31H46O4
AUTOGEN_DRUG_1426,P51449,1.57152,20,T6S1435,1426,C/C(=C\COc1c2ccoc2cc2c1ccc(=O)o2)/CC(C=C(C)C)O,Notopterol,88206-46-6,C21H22O5
AUTOGEN_DRUG_1895,P51449,1.5656,20,T2777,1895,OC[C@H]1O[C@@H](O[C@H]2C[C@]3(C)[C@@H]([C@@]4([C@@H]2C(C)(C)[C@@H](O)CC4)C)C[C@H]([C@H]2[C@@]3(C)CC[C@@H]2[C@@](O[C@@H]2O[C@H](CO)[C@H]([C@@H]([C@H]2O)O)O)(CCC=C(C)C)C)O)[C@@H]([C@H]([C@@H]1O)O)O,Ginsenoside Rg1,22427-39-0,C42H72O14
AUTOGEN_DRUG_1349,P51449,1.56261,17,T3907,1349,ClC[C@H]1C[C@H]2[C@@](C3=C1[C@@H]1CC(C)(C)CC[C@@]1(CC3)C(=O)O)(C)CC[C@@H]1[C@]2(C)C[C@H](O)[C@@H]([C@@]1(C)C(=O)O)O,Senegenin,2469-34-3,C30H45ClO6
AUTOGEN_DRUG_691,P51449,1.55508,19,T2S0500,691,OC[C@H]1O[C@@H](OC(=O)[C@@]23CC[C@H]([C@@]([C@H]3C3=CC[C@H]4[C@@]([C@@]3(CC2)C)(C)CC[C@@H]2[C@]4(C)CC[C@@H]([C@]2(C)C(=O)O)O)(C)O)C)[C@@H]([C@H]([C@@H]1O)O)O,Ilexsaponin A1,108524-93-2,C36H56O11
AUTOGEN_DRUG_1365,P51449,1.54593,16,T5770,1365,O[C@H]1CC2=C(CC[C@@]2([C@@]2([C@@H]1[C@@]1(C)CCC(=O)C([C@@H]1CC2)(C)C)C)C)[C@@H](C[C@@H]([C@H]1OC1(C)C)O)C,Alisol B,18649-93-9,C30H48O4
AUTOGEN_DRUG_320,P51449,1.54427,18,T2S1193,320,OC[C@H]1O[C@@H](O[C@H]2[C@@H](O[C@@H]([C@H]([C@@H]2O)O)CO[C@@H]2O[C@H](CO)[C@H]([C@@H]([C@H]2O)O)O)O[C@@H](C(O)(C)C)CC[C@H]([C@H]2CC[C@@]3([C@]2(C)C[C@@H](O)[C@@]2([C@H]3CC=C3[C@H]2CC[C@@H](C3(C)C)O)C)C)C)[C@@H]([C@H]([C@@H]1O)O)O,Mogroside III-A1,88901-42-2,C48H82O19
AUTOGEN_DRUG_1352,P51449,1.52929,20,T3769,1352,OC[C@H]1O[C@@H](O[C@H]2[C@@H](O)C[C@]3([C@H]([C@]2(C)C(=O)O)CC[C@@]2([C@@H]3CC=C3[C@@]2(CO)CC[C@@]2([C@H]3CC(C)(C)CC2)C(=O)O)C)C)[C@@H]([C@H]([C@@H]1O)O)O,Tenuifolin,20183-47-5,C36H56O12
AUTOGEN_DRUG_2456,P51449,1.51606,18,TN6746,2456,CC1=CC[C@@](CC1)(O)C(C)C,(-)-TERPINEN-4-OL,20126-76-5,C10H18O
AUTOGEN_DRUG_2796,P51449,1.51606,18,TN2264,2796,CC1=CCC(CC1)(O)C(C)C,Terpinine-4-ol,562-74-3,C10H18O
AUTOGEN_DRUG_3454,P51449,1.51421,17,TN2443,3454,OCC1OC(C(C1O)O)OC1C(OC(C(C1O)O)OC1CCC2(C(C1(C)C)CCC1(C2CC=C2C1(C)CCC1(C2CC(C)(C)CC1)C(=O)O)C)C)C(=O)OC1OC(CO)C(C(C1O)O)O,Chikusetsusaponin Ib,59252-87-8,C47H74O18
AUTOGEN_DRUG_1536,P51449,1.51165,14,T2745,1536,O=C1C=C2[C@H]3C[C@](C)(CC[C@]3(C)CC[C@]2([C@]2([C@H]1[C@@]1(C)CC[C@@H](C([C@@H]1CC2)(C)C)O)C)C)C(=O)O,Glycyrrhetinic acid,1449-05-4,C30H46O4
AUTOGEN_DRUG_1275,P51449,1.50452,17,T8280,1275,OCC1=C[C@@H]([C@H]2[C@@H]1[C@@H](OC=C2C(=O)O)O[C@@H]1O[C@H](CO)[C@H]([C@@H]([C@H]1O)O)O)O,Desacetyl asperulosidic acid,14259-55-3,C16H22O11
AUTOGEN_DRUG_1302,P51449,1.49966,13,T3878,1302,OC[C@H]1O[C@@H](O[C@H]2[C@@H](OC[C@@H]([C@@H]2O)O)O[C@H]2CC[C@]3([C@H](C2(C)C)CC[C@@]2([C@@H]3CC=C3[C@@]2(C)CC[C@@]2([C@H]3CC(C)(C)CC2)C(=O)O)C)C)[C@@H]([C@H]([C@@H]1O)O)O[C@@H]1O[C@@H](C)[C@@H]([C@H]([C@H]1O)O)O,Raddeanin A,89412-79-3,C47H76O16
AUTOGEN_DRUG_1631,P51449,1.48932,15,T3368,1631,OC[C@]1(C)[C@H](CC[C@]2([C@H]1CC[C@@]1([C@@H]2CC=C2[C@@]1(C)CC[C@@]1([C@H]2CC(CC1)(C)C)C(=O)O)C)C)O[C@@H]1OC[C@@H]([C@@H]([C@H]1O[C@@H]1O[C@@H](C)[C@@H]([C@H]([C@H]1O)O)O)O)O,Alpha-Hederin,27013-91-8,C41H66O12
AUTOGEN_DRUG_1457,P51449,1.47025,19,T3410,1457,OC(=O)[C@@H]1O[C@@H](O[C@H]2CC[C@]3([C@H](C2(C)C)CC[C@@]2([C@@H]3CC=C3[C@@]2(C)CC[C@@]2([C@H]3CC(C)(C)CC2)C(=O)O)C)C)[C@H]([C@@H]([C@H]1O)O[C@H]1OC[C@@H]([C@H]([C@@H]1O)O)O)O,Momordin Ic,96990-18-0,C41H64O13
AUTOGEN_DRUG_2031,P51449,1.42787,19,T5802,2031,CCCCCCCCCCCCCCCCCCOC(=O)[C@@]1(C)CC[C@]2([C@@H](C1)C1=CC(=O)[C@H]3[C@@]([C@@]1(CC2)C)(C)CC[C@@H]1[C@]3(C)CC[C@@H](C1(C)C)O)C,Stearyl glycyrrhetinate,13832-70-7,C48H82O4??
AUTOGEN_DRUG_447,P51449,1.42496,18,T3909,447,OC[C@H]1O[C@@H](O[C@H]2CO[C@H]([C@@H]([C@H]2O)O[C@@H]2O[C@@H](C)[C@@H]([C@H]([C@H]2O)O)O)O[C@H]2CC[C@]3([C@H]([C@]2(C)CO)CC[C@@]2([C@@H]3CC=C3[C@@]2(C)CC[C@@]2([C@H]3CC(C)(C)CC2)C(=O)O)C)C)[C@@H]([C@H]([C@@H]1O)O)O,Pulsatilla saponin D,68027-15-6,C47H76O17
AUTOGEN_DRUG_648,P51449,1.41563,20,T3821,648,OC[C@H]1O[C@@H](O[C@H]2[C@@H](O)C[C@]3([C@H](C2(CO)CO)CC[C@@]2([C@@H]3CC=C3[C@@]2(C)C[C@H]([C@@]2([C@H]3CC(C)(C)CC2)C(=O)O[C@@H]2OC[C@@H]([C@@H]([C@H]2O[C@@H]2O[C@@H](C)[C@@H]([C@H]([C@H]2O)O)O[C@@H]2OC[C@H]([C@@H]([C@H]2O)O)O)O)O)O)C)C)[C@@H]([C@H]([C@@H]1O)O)O,Deapi-platycodin D,78763-58-3,C52H84O24
AUTOGEN_DRUG_3383,P51449,1.41388,17,T4962,3383,OC[C@H]1O[C@@H](O[C@H]2[C@@H](O[C@@H]([C@H]([C@@H]2O)O)C(=O)O)O[C@H]2CC[C@]3([C@H](C2(C)C)CC[C@@]2([C@@H]3CC=C3[C@@]2(C)CC[C@@]2([C@H]3CC(C)(C)CC2)C(=O)O)C)C)[C@@H]([C@H]([C@@H]1O)O)O,Zingibroside R1,80930-74-1,C42H66O14
AUTOGEN_DRUG_1565,P51449,1.40709,19,T16338,1565,ON=C1CC[C@H]2C(=C1)CC[C@@H]1[C@@H]2CC[C@]2([C@H]1CC[C@@]2(O)C#C)CC,Norgestimate metabolite Norelgestromin,53016-31-2,C21H29NO2
AUTOGEN_DRUG_1201,P51449,1.36539,17,T2P2806,1201,OC[C@H]1O[C@@H](O[C@H]2CO[C@H]([C@@H]([C@H]2O)O[C@@H]2O[C@@H](C)[C@@H]([C@H]([C@H]2O)O)O)O[C@H]2CC[C@]3([C@H](C2(C)C)CC[C@@]2([C@@H]3CC=C3[C@@]2(C)CC[C@@]2([C@H]3CC(C)(C)CC2)C(=O)O)C)C)[C@@H]([C@H]([C@@H]1O)O)O,Hederacolchiside A1,106577-39-3,C47H76O16
AUTOGEN_DRUG_1058,P51449,1.34929,19,T5787,1058,OC[C@H]1O[C@@H](O[C@H]2[C@@H](O)[C@H](O[C@H]3[C@@H](OC[C@@H]([C@@H]3O)O)O[C@H]3CC[C@]4([C@H]([C@]3(C)CO)CC[C@@]3([C@@H]4CC=C4[C@@]3(C)CC[C@@]3([C@H]4CC(C)(C)CC3)C(=O)O)C)C)O[C@H]([C@@H]2O)C)[C@@H]([C@H]([C@@H]1O[C@@H]1O[C@H](CO)[C@H]([C@@H]([C@H]1O)O)O)O)O,Macranthoside B,146100-02-9,C53H86O22??
