0,gene,renum,From,To,Species,Gene Name,Score,Gene Symbol,Description,Category,Uniprot ID,Gifts,GC Id,Relevance score, GeneCards Link
161,351,161,APP,351,Homo sapiens,amyloid beta precursor protein(APP),0.99196791,APP,Amyloid Beta Precursor Protein,Protein Coding,P05067,63,GC21M025880,105.7706757,https://www.genecards.org/cgi-bin/carddisp.pl?gene=APP
1243,3172,1243,HNF4A,3172,Homo sapiens,hepatocyte nuclear factor 4 alpha(HNF4A),0.96885338,HNF4A,Hepatocyte Nuclear Factor 4 Alpha,Protein Coding,P41235,63,GC20P044355,116.685463,https://www.genecards.org/cgi-bin/carddisp.pl?gene=HNF4A
2143,6872,2143,TAF1,6872,Homo sapiens,TATA-box binding protein associated factor 1(TAF1),0.94053953,TAF1,TATA-Box Binding Protein Associated Factor 1,Protein Coding,P21675,61,GC0XP071366,65.3938446,https://www.genecards.org/cgi-bin/carddisp.pl?gene=TAF1
1419,4149,1419,MAX,4149,Homo sapiens,MYC associated factor X(MAX),0.91649381,MAX,MYC Associated Factor X,Protein Coding,P61244,59,GC14M065341,55.51715851,https://www.genecards.org/cgi-bin/carddisp.pl?gene=MAX
118,8452,118,CUL3,8452,Homo sapiens,cullin 3(CUL3),0.91264463,CUL3,Cullin 3,Protein Coding,Q13618,61,GC02M224470,54.82343674,https://www.genecards.org/cgi-bin/carddisp.pl?gene=CUL3
1203,3065,1203,HDAC1,3065,Homo sapiens,histone deacetylase 1(HDAC1),0.9080363,HDAC1,Histone Deacetylase 1,Protein Coding,Q13547,63,GC01P032292,86.66912842,https://www.genecards.org/cgi-bin/carddisp.pl?gene=HDAC1
2067,6714,2067,SRC,6714,Homo sapiens,"SRC proto-oncogene, non-receptor tyrosine kinase(SRC)",0.90497089,SRC,"SRC Proto-Oncogene, Non-Receptor Tyrosine Kinase",Protein Coding,P12931,64,GC20P037344,108.1105881,https://www.genecards.org/cgi-bin/carddisp.pl?gene=SRC
757,1956,757,EGFR,1956,Homo sapiens,epidermal growth factor receptor(EGFR),0.90343996,EGFR,Epidermal Growth Factor Receptor,Protein Coding,P00533,68,GC07P055019,159.0245209,https://www.genecards.org/cgi-bin/carddisp.pl?gene=EGFR
1653,5578,1653,PRKCA,5578,Homo sapiens,protein kinase C alpha(PRKCA),0.900382,PRKCA,Protein Kinase C Alpha,Protein Coding,P17252,64,GC17P066302,73.40679169,https://www.genecards.org/cgi-bin/carddisp.pl?gene=PRKCA
1785,6045,1785,RNF2,6045,Homo sapiens,ring finger protein 2(RNF2),0.89732922,RNF2,Ring Finger Protein 2,Protein Coding,Q99496,56,GC01P185045,36.79669189,https://www.genecards.org/cgi-bin/carddisp.pl?gene=RNF2
395,1017,395,CDK2,1017,Homo sapiens,cyclin dependent kinase 2(CDK2),0.89656684,CDK2,Cyclin Dependent Kinase 2,Protein Coding,P24941,64,GC12P055966,77.42294312,https://www.genecards.org/cgi-bin/carddisp.pl?gene=CDK2
944,2335,944,FN1,2335,Homo sapiens,fibronectin 1(FN1),0.88820297,FN1,Fibronectin 1,Protein Coding,P02751,63,GC02M215360,74.27350616,https://www.genecards.org/cgi-bin/carddisp.pl?gene=FN1
119,8454,119,CUL1,8454,Homo sapiens,cullin 1(CUL1),0.88592845,CUL1,Cullin 1,Protein Coding,Q13616,58,GC07P148697,43.75976944,https://www.genecards.org/cgi-bin/carddisp.pl?gene=CUL1
1582,5295,1582,PIK3R1,5295,Homo sapiens,phosphoinositide-3-kinase regulatory subunit 1(PIK3R1),0.87987733,PIK3R1,Phosphoinositide-3-Kinase Regulatory Subunit 1,Protein Coding,P27986,64,GC05P068215,83.76208496,https://www.genecards.org/cgi-bin/carddisp.pl?gene=PIK3R1
1663,5594,1663,MAPK1,5594,Homo sapiens,mitogen-activated protein kinase 1(MAPK1),0.87460058,MAPK1,Mitogen-Activated Protein Kinase 1,Protein Coding,P28482,66,GC22M021759,132.0535431,https://www.genecards.org/cgi-bin/carddisp.pl?gene=MAPK1
2334,7412,2334,VCAM1,7412,Homo sapiens,vascular cell adhesion molecule 1(VCAM1),0.8663391,VCAM1,Vascular Cell Adhesion Molecule 1,Protein Coding,P19320,59,GC01P100719,63.50075912,https://www.genecards.org/cgi-bin/carddisp.pl?gene=VCAM1
1407,4088,1407,SMAD3,4088,Homo sapiens,SMAD family member 3(SMAD3),0.86409277,SMAD3,SMAD Family Member 3,Protein Coding,P84022,66,GC15P067063,101.1611023,https://www.genecards.org/cgi-bin/carddisp.pl?gene=SMAD3
2367,7531,2367,YWHAE,7531,Homo sapiens,tyrosine 3-monooxygenase/tryptophan 5-monooxygenase activation protein epsilon(YWHAE),0.86259684,YWHAE,Tyrosine 3-Monooxygenase/Tryptophan 5-Monooxygenase Activation Protein Epsilon,Protein Coding,P62258,63,GC17M083833,60.08853912,https://www.genecards.org/cgi-bin/carddisp.pl?gene=YWHAE
531,1457,531,CSNK2A1,1457,Homo sapiens,casein kinase 2 alpha 1(CSNK2A1),0.85662607,CSNK2A1,Casein Kinase 2 Alpha 1,Protein Coding,P68400,63,GC20M000472,74.24952698,https://www.genecards.org/cgi-bin/carddisp.pl?gene=CSNK2A1
731,10075,731,HUWE1,10075,Homo sapiens,"HECT, UBA and WWE domain containing E3 ubiquitin protein ligase 1(HUWE1)",0.85588118,HUWE1,"HECT, UBA And WWE Domain Containing E3 Ubiquitin Protein Ligase 1",Protein Coding,Q7Z6Z7,59,GC0XM053532,66.5357132,https://www.genecards.org/cgi-bin/carddisp.pl?gene=HUWE1
489,25942,489,SIN3A,25942,Homo sapiens,SIN3 transcription regulator family member A(SIN3A),0.84993374,SIN3A,SIN3 Transcription Regulator Family Member A,Protein Coding,Q96ST3,60,GC15M075369,65.35969543,https://www.genecards.org/cgi-bin/carddisp.pl?gene=SIN3A
789,2033,789,EP300,2033,Homo sapiens,E1A binding protein p300(EP300),0.84548677,EP300,E1A Binding Protein P300,Protein Coding,Q09472,65,GC22P076143,122.8296738,https://www.genecards.org/cgi-bin/carddisp.pl?gene=EP300
65,154,65,ADRB2,154,Homo sapiens,adrenoceptor beta 2(ADRB2),0.84400704,ADRB2,Adrenoceptor Beta 2,Protein Coding,P07550,62,GC05P153697,64.1508255,https://www.genecards.org/cgi-bin/carddisp.pl?gene=ADRB2
99,213,99,ALB,213,Homo sapiens,albumin(ALB),0.84031338,ALB,Albumin,Protein Coding,P02768,62,GC04P073397,89.20626831,https://www.genecards.org/cgi-bin/carddisp.pl?gene=ALB
335,867,335,CBL,867,Homo sapiens,Cbl proto-oncogene(CBL),0.8270836,CBL,Cbl Proto-Oncogene,Protein Coding,P22681,64,GC11P119206,75.18412781,https://www.genecards.org/cgi-bin/carddisp.pl?gene=CBL
177,387,177,RHOA,387,Homo sapiens,ras homolog family member A(RHOA),0.8234272,RHOA,Ras Homolog Family Member A,Protein Coding,P61586,63,GC03M049359,86.06941223,https://www.genecards.org/cgi-bin/carddisp.pl?gene=RHOA
807,2064,807,ERBB2,2064,Homo sapiens,erb-b2 receptor tyrosine kinase 2(ERBB2),0.82050791,ERBB2,Erb-B2 Receptor Tyrosine Kinase 2,Protein Coding,P04626,68,GC17P039687,135.6104431,https://www.genecards.org/cgi-bin/carddisp.pl?gene=ERBB2
499,1387,499,CREBBP,1387,Homo sapiens,CREB binding protein(CREBBP),0.81832185,CREBBP,CREB Binding Protein,Protein Coding,Q92793,67,GC16M025750,116.2451172,https://www.genecards.org/cgi-bin/carddisp.pl?gene=CREBBP
1045,27185,1045,DISC1,27185,Homo sapiens,DISC1 scaffold protein(DISC1),0.80454482,DISC1,DISC1 Scaffold Protein,Protein Coding,Q9NRI5,56,GC01P231626,44.87651825,https://www.genecards.org/cgi-bin/carddisp.pl?gene=DISC1
1245,3192,1245,HNRNPU,3192,Homo sapiens,heterogeneous nuclear ribonucleoprotein U(HNRNPU),0.79088476,HNRNPU,Heterogeneous Nuclear Ribonucleoprotein U,Protein Coding,Q00839,56,GC01M244844,55.42568207,https://www.genecards.org/cgi-bin/carddisp.pl?gene=HNRNPU
1202,3064,1202,HTT,3064,Homo sapiens,huntingtin(HTT),0.79016903,HTT,Huntingtin,Protein Coding,P42858,56,GC04P003041,69.96691895,https://www.genecards.org/cgi-bin/carddisp.pl?gene=HTT
2040,6667,2040,SP1,6667,Homo sapiens,Sp1 transcription factor(SP1),0.78802379,SP1,Sp1 Transcription Factor,Protein Coding,P08047,59,GC12P053380,92.19797516,https://www.genecards.org/cgi-bin/carddisp.pl?gene=SP1
57,142,57,PARP1,142,Homo sapiens,poly(ADP-ribose) polymerase 1(PARP1),0.78516801,PARP1,Poly(ADP-Ribose) Polymerase 1,Protein Coding,P09874,64,GC01M226360,83.52635956,https://www.genecards.org/cgi-bin/carddisp.pl?gene=PARP1
1655,5580,1655,PRKCD,5580,Homo sapiens,protein kinase C delta(PRKCD),0.78445488,PRKCD,Protein Kinase C Delta,Protein Coding,Q05655,66,GC03P053156,68.5389328,https://www.genecards.org/cgi-bin/carddisp.pl?gene=PRKCD
1592,5315,1592,PKM,5315,Homo sapiens,pyruvate kinase M1/2(PKM),0.78374207,PKM,Pyruvate Kinase M1/2,Protein Coding,P14618,63,GC15M072199,51.81814194,https://www.genecards.org/cgi-bin/carddisp.pl?gene=PKM
533,1459,533,CSNK2A2,1459,Homo sapiens,casein kinase 2 alpha 2(CSNK2A2),0.78231741,CSNK2A2,Casein Kinase 2 Alpha 2,Protein Coding,P19784,57,GC16M058157,40.97345734,https://www.genecards.org/cgi-bin/carddisp.pl?gene=CSNK2A2
2430,7874,2430,USP7,7874,Homo sapiens,ubiquitin specific peptidase 7(USP7),0.78089406,USP7,Ubiquitin Specific Peptidase 7,Protein Coding,Q93009,62,GC16M008892,62.28501892,https://www.genecards.org/cgi-bin/carddisp.pl?gene=USP7
2021,23028,2021,KDM1A,23028,Homo sapiens,lysine demethylase 1A(KDM1A),0.77592252,KDM1A,Lysine Demethylase 1A,Protein Coding,O60341,62,GC01P023019,62.69027328,https://www.genecards.org/cgi-bin/carddisp.pl?gene=KDM1A
1016,2547,1016,XRCC6,2547,Homo sapiens,X-ray repair cross complementing 6(XRCC6),0.77167384,XRCC6,X-Ray Repair Cross Complementing 6,Protein Coding,P12956,58,GC22P076175,44.16046143,https://www.genecards.org/cgi-bin/carddisp.pl?gene=XRCC6
827,2113,827,ETS1,2113,Homo sapiens,"ETS proto-oncogene 1, transcription factor(ETS1)",0.76955388,ETS1,"ETS Proto-Oncogene 1, Transcription Factor",Protein Coding,P14921,61,GC11M128458,59.45759201,https://www.genecards.org/cgi-bin/carddisp.pl?gene=ETS1
1244,3190,1244,HNRNPK,3190,Homo sapiens,heterogeneous nuclear ribonucleoprotein K(HNRNPK),0.76673179,HNRNPK,Heterogeneous Nuclear Ribonucleoprotein K,Protein Coding,P61978,59,GC09M111065,58.86395645,https://www.genecards.org/cgi-bin/carddisp.pl?gene=HNRNPK
273,695,273,BTK,695,Homo sapiens,Bruton tyrosine kinase(BTK),0.76250838,BTK,Bruton Tyrosine Kinase,Protein Coding,Q06187,67,GC0XM101349,70.11074829,https://www.genecards.org/cgi-bin/carddisp.pl?gene=BTK
2411,65125,2411,WNK1,65125,Homo sapiens,WNK lysine deficient protein kinase 1(WNK1),0.76040105,WNK1,WNK Lysine Deficient Protein Kinase 1,Protein Coding,Q9H4A3,62,GC12P000769,83.18228149,https://www.genecards.org/cgi-bin/carddisp.pl?gene=WNK1
1343,3717,1343,JAK2,3717,Homo sapiens,Janus kinase 2(JAK2),0.75549561,JAK2,Janus Kinase 2,Protein Coding,O60674,66,GC09P004985,87.22742462,https://www.genecards.org/cgi-bin/carddisp.pl?gene=JAK2
316,821,316,CANX,821,Homo sapiens,calnexin(CANX),0.75479609,CANX,Calnexin,Protein Coding,P27824,58,GC05P179678,33.05197525,https://www.genecards.org/cgi-bin/carddisp.pl?gene=CANX
1703,5747,1703,PTK2,5747,Homo sapiens,protein tyrosine kinase 2(PTK2),0.75130331,PTK2,Protein Tyrosine Kinase 2,Protein Coding,Q05397,61,GC08M140657,64.97062683,https://www.genecards.org/cgi-bin/carddisp.pl?gene=PTK2
2365,7520,2365,XRCC5,7520,Homo sapiens,X-ray repair cross complementing 5(XRCC5),0.74851525,XRCC5,X-Ray Repair Cross Complementing 5,Protein Coding,P13010,57,GC02P216107,46.00708771,https://www.genecards.org/cgi-bin/carddisp.pl?gene=XRCC5
507,1399,507,CRKL,1399,Homo sapiens,"CRK like proto-oncogene, adaptor protein(CRKL)",0.73810496,CRKL,"CRK Like Proto-Oncogene, Adaptor Protein",Protein Coding,P46109,59,GC22P020917,42.60123062,https://www.genecards.org/cgi-bin/carddisp.pl?gene=CRKL
924,2289,924,FKBP5,2289,Homo sapiens,FKBP prolyl isomerase 5(FKBP5),0.73672243,FKBP5,FKBP Prolyl Isomerase 5,Protein Coding,Q13451,62,GC06M097251,50.15403748,https://www.genecards.org/cgi-bin/carddisp.pl?gene=FKBP5
891,10419,891,PRMT5,10419,Homo sapiens,protein arginine methyltransferase 5(PRMT5),0.73120559,PRMT5,Protein Arginine Methyltransferase 5,Protein Coding,O14744,59,GC14M022920,44.85321808,https://www.genecards.org/cgi-bin/carddisp.pl?gene=PRMT5
1662,5591,1662,PRKDC,5591,Homo sapiens,"protein kinase, DNA-activated, catalytic subunit(PRKDC)",0.72639541,PRKDC,"Protein Kinase, DNA-Activated, Catalytic Subunit",Protein Coding,P78527,63,GC08M047773,73.16415405,https://www.genecards.org/cgi-bin/carddisp.pl?gene=PRKDC
117,8450,117,CUL4B,8450,Homo sapiens,cullin 4B(CUL4B),0.72433862,CUL4B,Cullin 4B,Protein Coding,Q13620,56,GC0XM120524,51.26084137,https://www.genecards.org/cgi-bin/carddisp.pl?gene=CUL4B
1268,3383,1268,ICAM1,3383,Homo sapiens,intercellular adhesion molecule 1(ICAM1),0.7202338,ICAM1,Intercellular Adhesion Molecule 1,Protein Coding,P05362,63,GC19P122290,88.46777344,https://www.genecards.org/cgi-bin/carddisp.pl?gene=ICAM1
1650,5562,1650,PRKAA1,5562,Homo sapiens,protein kinase AMP-activated catalytic subunit alpha 1(PRKAA1),0.71886812,PRKAA1,Protein Kinase AMP-Activated Catalytic Subunit Alpha 1,Protein Coding,Q13131,60,GC05M040759,49.31535721,https://www.genecards.org/cgi-bin/carddisp.pl?gene=PRKAA1
186,8607,186,RUVBL1,8607,Homo sapiens,RuvB like AAA ATPase 1(RUVBL1),0.71409941,RUVBL1,RuvB Like AAA ATPase 1,Protein Coding,Q9Y265,57,GC03M128064,35.51932144,https://www.genecards.org/cgi-bin/carddisp.pl?gene=RUVBL1
1293,3551,1293,IKBKB,3551,Homo sapiens,inhibitor of nuclear factor kappa B kinase subunit beta(IKBKB),0.71341932,IKBKB,Inhibitor Of Nuclear Factor Kappa B Kinase Subunit Beta,Protein Coding,O14920,67,GC08P042271,74.4952774,https://www.genecards.org/cgi-bin/carddisp.pl?gene=IKBKB
1198,3055,1198,HCK,3055,Homo sapiens,"HCK proto-oncogene, Src family tyrosine kinase(HCK)",0.70325787,HCK,"HCK Proto-Oncogene, Src Family Tyrosine Kinase",Protein Coding,P08631,62,GC20P032052,33.6374321,https://www.genecards.org/cgi-bin/carddisp.pl?gene=HCK
295,8924,295,HERC2,8924,Homo sapiens,HECT and RLD domain containing E3 ubiquitin protein ligase 2(HERC2),0.69786772,HERC2,HECT And RLD Domain Containing E3 Ubiquitin Protein Ligase 2,Protein Coding,O95714,57,GC15M028111,49.34717941,https://www.genecards.org/cgi-bin/carddisp.pl?gene=HERC2
509,1408,509,CRY2,1408,Homo sapiens,cryptochrome circadian regulator 2(CRY2),0.68915295,CRY2,Cryptochrome Circadian Regulator 2,Protein Coding,Q49AN0,51,GC11P048023,66.77806854,https://www.genecards.org/cgi-bin/carddisp.pl?gene=CRY2
1654,5579,1654,PRKCB,5579,Homo sapiens,protein kinase C beta(PRKCB),0.68714963,PRKCB,Protein Kinase C Beta,Protein Coding,P05771,62,GC16P096397,47.08573914,https://www.genecards.org/cgi-bin/carddisp.pl?gene=PRKCB
2014,23020,2014,SNRNP200,23020,Homo sapiens,small nuclear ribonucleoprotein U5 subunit 200(SNRNP200),0.67783934,SNRNP200,Small Nuclear Ribonucleoprotein U5 Subunit 200,Protein Coding,O75643,56,GC02M101176,37.29093933,https://www.genecards.org/cgi-bin/carddisp.pl?gene=SNRNP200
198,8648,198,NCOA1,8648,Homo sapiens,nuclear receptor coactivator 1(NCOA1),0.67717675,NCOA1,Nuclear Receptor Coactivator 1,Protein Coding,Q15788,57,GC02P024492,50.08998871,https://www.genecards.org/cgi-bin/carddisp.pl?gene=NCOA1
2337,7421,2337,VDR,7421,Homo sapiens,vitamin D receptor(VDR),0.67519092,VDR,Vitamin D Receptor,Protein Coding,P11473,62,GC12M047841,99.67064667,https://www.genecards.org/cgi-bin/carddisp.pl?gene=VDR
1214,3091,1214,HIF1A,3091,Homo sapiens,hypoxia inducible factor 1 subunit alpha(HIF1A),0.67320801,HIF1A,Hypoxia Inducible Factor 1 Subunit Alpha,Protein Coding,Q16665,62,GC14P061695,119.9443054,https://www.genecards.org/cgi-bin/carddisp.pl?gene=HIF1A
1693,5727,1693,PTCH1,5727,Homo sapiens,patched 1(PTCH1),0.66596228,PTCH1,Patched 1,Protein Coding,Q13635,64,GC09M095442,86.20246887,https://www.genecards.org/cgi-bin/carddisp.pl?gene=PTCH1
2343,7434,2343,VIPR2,7434,Homo sapiens,vasoactive intestinal peptide receptor 2(VIPR2),0.66202691,VIPR2,Vasoactive Intestinal Peptide Receptor 2,Protein Coding,P41587,56,GC07M159028,28.7945919,https://www.genecards.org/cgi-bin/carddisp.pl?gene=VIPR2
6,8202,6,NCOA3,8202,Homo sapiens,nuclear receptor coactivator 3(NCOA3),0.65875608,NCOA3,Nuclear Receptor Coactivator 3,Protein Coding,Q9Y6Q9,59,GC20P047501,46.96238327,https://www.genecards.org/cgi-bin/carddisp.pl?gene=NCOA3
632,1642,632,DDB1,1642,Homo sapiens,damage specific DNA binding protein 1(DDB1),0.65810288,DDB1,Damage Specific DNA Binding Protein 1,Protein Coding,Q16531,57,GC11M128795,44.20246124,https://www.genecards.org/cgi-bin/carddisp.pl?gene=DDB1
930,10499,930,NCOA2,10499,Homo sapiens,nuclear receptor coactivator 2(NCOA2),0.65745001,NCOA2,Nuclear Receptor Coactivator 2,Protein Coding,Q15596,57,GC08M070109,50.1657486,https://www.genecards.org/cgi-bin/carddisp.pl?gene=NCOA2
2254,7094,2254,TLN1,7094,Homo sapiens,talin 1(TLN1),0.65614525,TLN1,Talin 1,Protein Coding,Q9Y490,56,GC09M035696,30.27662086,https://www.genecards.org/cgi-bin/carddisp.pl?gene=TLN1
2240,23451,2240,SF3B1,23451,Homo sapiens,splicing factor 3b subunit 1(SF3B1),0.65419052,SF3B1,Splicing Factor 3b Subunit 1,Protein Coding,O75533,57,GC02M197453,48.37823105,https://www.genecards.org/cgi-bin/carddisp.pl?gene=SF3B1
2,2,2,A2M,2,Homo sapiens,alpha-2-macroglobulin(A2M),0.64769616,A2M,Alpha-2-Macroglobulin,Protein Coding,P01023,59,GC12M009067,33.48358536,https://www.genecards.org/cgi-bin/carddisp.pl?gene=A2M
577,9733,577,SART3,9733,Homo sapiens,"spliceosome associated factor 3, U4/U6 recycling protein(SART3)",0.6457544,SART3,"Spliceosome Associated Factor 3, U4/U6 Recycling Protein",Protein Coding,Q15020,45,GC12M108522,30.651474,https://www.genecards.org/cgi-bin/carddisp.pl?gene=SART3
1684,5708,1684,PSMD2,5708,Homo sapiens,"proteasome 26S subunit ubiquitin receptor, non-ATPase 2(PSMD2)",0.63672988,PSMD2,"Proteasome 26S Subunit Ubiquitin Receptor, Non-ATPase 2",Protein Coding,Q13200,54,GC03P184598,31.6301136,https://www.genecards.org/cgi-bin/carddisp.pl?gene=PSMD2
1918,6502,1918,SKP2,6502,Homo sapiens,S-phase kinase associated protein 2(SKP2),0.63480432,SKP2,S-Phase Kinase Associated Protein 2,Protein Coding,Q13309,58,GC05P036151,46.81448364,https://www.genecards.org/cgi-bin/carddisp.pl?gene=SKP2
1658,5584,1658,PRKCI,5584,Homo sapiens,protein kinase C iota(PRKCI),0.63352223,PRKCI,Protein Kinase C Iota,Protein Coding,P41743,59,GC03P170222,30.57925606,https://www.genecards.org/cgi-bin/carddisp.pl?gene=PRKCI
1329,3688,1329,ITGB1,3688,Homo sapiens,integrin subunit beta 1(ITGB1),0.63160153,ITGB1,Integrin Subunit Beta 1,Protein Coding,P05556,63,GC10M036096,71.45410156,https://www.genecards.org/cgi-bin/carddisp.pl?gene=ITGB1
390,1003,390,CDH5,1003,Homo sapiens,cadherin 5(CDH5),0.6226768,CDH5,Cadherin 5,Protein Coding,P33151,59,GC16P066366,36.3510437,https://www.genecards.org/cgi-bin/carddisp.pl?gene=CDH5
1925,55662,1925,HIF1AN,55662,Homo sapiens,hypoxia inducible factor 1 subunit alpha inhibitor(HIF1AN),0.62204175,HIF1AN,Hypoxia Inducible Factor 1 Subunit Alpha Inhibitor,Protein Coding,Q9NWT6,53,GC10P100529,21.19137001,https://www.genecards.org/cgi-bin/carddisp.pl?gene=HIF1AN
2003,55763,2003,EXOC1,55763,Homo sapiens,exocyst complex component 1(EXOC1),0.61760547,EXOC1,Exocyst Complex Component 1,Protein Coding,Q9NV70,47,GC04P055853,14.96323586,https://www.genecards.org/cgi-bin/carddisp.pl?gene=EXOC1
909,2260,909,FGFR1,2260,Homo sapiens,fibroblast growth factor receptor 1(FGFR1),0.61697301,FGFR1,Fibroblast Growth Factor Receptor 1,Protein Coding,P11362,68,GC08M038400,111.5569763,https://www.genecards.org/cgi-bin/carddisp.pl?gene=FGFR1
1674,5663,1674,PSEN1,5663,Homo sapiens,presenilin 1(PSEN1),0.59752752,PSEN1,Presenilin 1,Protein Coding,P49768,66,GC14P073136,101.3530426,https://www.genecards.org/cgi-bin/carddisp.pl?gene=PSEN1
1282,3480,1282,IGF1R,3480,Homo sapiens,insulin like growth factor 1 receptor(IGF1R),0.5876136,IGF1R,Insulin Like Growth Factor 1 Receptor,Protein Coding,P08069,68,GC15P098648,88.54736328,https://www.genecards.org/cgi-bin/carddisp.pl?gene=IGF1R
690,1778,690,DYNC1H1,1778,Homo sapiens,dynein cytoplasmic 1 heavy chain 1(DYNC1H1),0.58576386,DYNC1H1,Dynein Cytoplasmic 1 Heavy Chain 1,Protein Coding,Q14204,58,GC14P116947,62.0538826,https://www.genecards.org/cgi-bin/carddisp.pl?gene=DYNC1H1
791,2035,791,EPB41,2035,Homo sapiens,erythrocyte membrane protein band 4.1(EPB41),0.58453231,EPB41,Erythrocyte Membrane Protein Band 4.1,Protein Coding,P11171,59,GC01P028887,35.35610962,https://www.genecards.org/cgi-bin/carddisp.pl?gene=EPB41
165,8554,165,PIAS1,8554,Homo sapiens,protein inhibitor of activated STAT 1(PIAS1),0.58145945,PIAS1,Protein Inhibitor Of Activated STAT 1,Protein Coding,O75925,58,GC15P068054,44.00610733,https://www.genecards.org/cgi-bin/carddisp.pl?gene=PIAS1
314,817,314,CAMK2D,817,Homo sapiens,calcium/calmodulin dependent protein kinase II delta(CAMK2D),0.57289761,CAMK2D,Calcium/Calmodulin Dependent Protein Kinase II Delta,Protein Coding,Q13557,60,GC04M113418,30.79817963,https://www.genecards.org/cgi-bin/carddisp.pl?gene=CAMK2D
727,1859,727,DYRK1A,1859,Homo sapiens,dual specificity tyrosine phosphorylation regulated kinase 1A(DYRK1A),0.55957225,DYRK1A,Dual Specificity Tyrosine Phosphorylation Regulated Kinase 1A,Protein Coding,Q13627,63,GC21P037365,67.79663849,https://www.genecards.org/cgi-bin/carddisp.pl?gene=DYRK1A
313,815,313,CAMK2A,815,Homo sapiens,calcium/calmodulin dependent protein kinase II alpha(CAMK2A),0.5541659,CAMK2A,Calcium/Calmodulin Dependent Protein Kinase II Alpha,Protein Coding,Q9UQM7,66,GC05M150219,45.56355286,https://www.genecards.org/cgi-bin/carddisp.pl?gene=CAMK2A
2267,23499,2267,MACF1,23499,Homo sapiens,microtubule actin crosslinking factor 1(MACF1),0.55296805,MACF1,Microtubule Actin Crosslinking Factor 1,Protein Coding,O94854,55,GC01P054194,38.56541443,https://www.genecards.org/cgi-bin/carddisp.pl?gene=MACF1
1713,5789,1713,PTPRD,5789,Homo sapiens,protein tyrosine phosphatase receptor type D(PTPRD),0.55057657,PTPRD,Protein Tyrosine Phosphatase Receptor Type D,Protein Coding,P23468,59,GC09M008307,31.38981628,https://www.genecards.org/cgi-bin/carddisp.pl?gene=PTPRD
75,90273,75,CEACAM21,90273,Homo sapiens,CEA cell adhesion molecule 21(CEACAM21),0.54818994,CEACAM21,CEA Cell Adhesion Molecule 21,Protein Coding,Q3KPI0,43,GC19P123118,8.131801605,https://www.genecards.org/cgi-bin/carddisp.pl?gene=CEACAM21
797,10238,797,DCAF7,10238,Homo sapiens,DDB1 and CUL4 associated factor 7(DCAF7),0.54640338,DCAF7,DDB1 And CUL4 Associated Factor 7,Protein Coding,P61962,47,GC17P063550,19.90854263,https://www.genecards.org/cgi-bin/carddisp.pl?gene=DCAF7
2278,7133,2278,TNFRSF1B,7133,Homo sapiens,TNF receptor superfamily member 1B(TNFRSF1B),0.54106151,TNFRSF1B,TNF Receptor Superfamily Member 1B,Protein Coding,P20333,61,GC01P051309,51.70785904,https://www.genecards.org/cgi-bin/carddisp.pl?gene=TNFRSF1B
1252,3240,1252,HP,3240,Homo sapiens,haptoglobin(HP),0.53869562,HP,Haptoglobin,Protein Coding,P00738,58,GC16P097888,46.49440384,https://www.genecards.org/cgi-bin/carddisp.pl?gene=HP
283,718,283,C3,718,Homo sapiens,complement C3(C3),0.50612046,C3,Complement C3,Protein Coding,P01024,62,GC19M006677,66.94139862,https://www.genecards.org/cgi-bin/carddisp.pl?gene=C3
778,59345,778,GNB4,59345,Homo sapiens,G protein subunit beta 4(GNB4),0.50440388,GNB4,G Protein Subunit Beta 4,Protein Coding,Q9HAV0,55,GC03M179397,33.10570145,https://www.genecards.org/cgi-bin/carddisp.pl?gene=GNB4
422,9343,422,EFTUD2,9343,Homo sapiens,elongation factor Tu GTP binding domain containing 2(EFTUD2),0.50269022,EFTUD2,Elongation Factor Tu GTP Binding Domain Containing 2,Protein Coding,Q15029,55,GC17M085343,42.79880142,https://www.genecards.org/cgi-bin/carddisp.pl?gene=EFTUD2
1660,5587,1660,PRKD1,5587,Homo sapiens,protein kinase D1(PRKD1),0.50097947,PRKD1,Protein Kinase D1,Protein Coding,Q15139,62,GC14M029576,56.89136124,https://www.genecards.org/cgi-bin/carddisp.pl?gene=PRKD1
884,51366,884,UBR5,51366,Homo sapiens,ubiquitin protein ligase E3 component n-recognin 5(UBR5),0.49303518,UBR5,Ubiquitin Protein Ligase E3 Component N-Recognin 5,Protein Coding,O95071,53,GC08M102252,28.25589752,https://www.genecards.org/cgi-bin/carddisp.pl?gene=UBR5
8,8204,8,NRIP1,8204,Homo sapiens,nuclear receptor interacting protein 1(NRIP1),0.49190538,NRIP1,Nuclear Receptor Interacting Protein 1,Protein Coding,P48552,56,GC21M014961,45.37126541,https://www.genecards.org/cgi-bin/carddisp.pl?gene=NRIP1
1234,3123,1234,HLA-DRB1,3123,Homo sapiens,"major histocompatibility complex, class II, DR beta 1(HLA-DRB1)",0.49077687,HLA-DRB1,"Major Histocompatibility Complex, Class II, DR Beta 1",Protein Coding,P01911,59,GC06M097159,91.38500977,https://www.genecards.org/cgi-bin/carddisp.pl?gene=HLA-DRB1
750,10130,750,PDIA6,10130,Homo sapiens,protein disulfide isomerase family A member 6(PDIA6),0.48964965,PDIA6,Protein Disulfide Isomerase Family A Member 6,Protein Coding,Q15084,48,GC02M010784,20.37267113,https://www.genecards.org/cgi-bin/carddisp.pl?gene=PDIA6
155,338,155,APOB,338,Homo sapiens,apolipoprotein B(APOB),0.47179599,APOB,Apolipoprotein B,Protein Coding,P04114,59,GC02M020956,78.75845337,https://www.genecards.org/cgi-bin/carddisp.pl?gene=APOB
1496,4841,1496,NONO,4841,Homo sapiens,non-POU domain containing octamer binding(NONO),0.46903547,NONO,Non-POU Domain Containing Octamer Binding,Protein Coding,Q15233,58,GC0XP071262,54.44747543,https://www.genecards.org/cgi-bin/carddisp.pl?gene=NONO
357,928,357,CD9,928,Homo sapiens,CD9 molecule(CD9),0.46793353,CD9,CD9 Molecule,Protein Coding,P21926,56,GC12P042075,40.14156342,https://www.genecards.org/cgi-bin/carddisp.pl?gene=CD9
22,8239,22,USP9X,8239,Homo sapiens,ubiquitin specific peptidase 9 X-linked(USP9X),0.46080314,USP9X,Ubiquitin Specific Peptidase 9 X-Linked,Protein Coding,Q93008,61,GC0XP041085,51.52920532,https://www.genecards.org/cgi-bin/carddisp.pl?gene=USP9X
2042,23054,2042,NCOA6,23054,Homo sapiens,nuclear receptor coactivator 6(NCOA6),0.455355,NCOA6,Nuclear Receptor Coactivator 6,Protein Coding,Q14686,51,GC20M035891,27.78774643,https://www.genecards.org/cgi-bin/carddisp.pl?gene=NCOA6
1484,4744,1484,NEFH,4744,Homo sapiens,neurofilament heavy chain(NEFH),0.45210198,NEFH,Neurofilament Heavy Chain,Protein Coding,P12036,58,GC22P029480,38.25501633,https://www.genecards.org/cgi-bin/carddisp.pl?gene=NEFH
1365,3827,1365,KNG1,3827,Homo sapiens,kininogen 1(KNG1),0.44832246,KNG1,Kininogen 1,Protein Coding,P01042,60,GC03P186717,52.0908432,https://www.genecards.org/cgi-bin/carddisp.pl?gene=KNG1
2173,219931,2173,TPCN2,219931,Homo sapiens,two pore segment channel 2(TPCN2),0.43282951,TPCN2,Two Pore Segment Channel 2,Protein Coding,Q8NHX9,51,GC11P094875,17.39985657,https://www.genecards.org/cgi-bin/carddisp.pl?gene=TPCN2
1850,112770,1850,GLMP,112770,Homo sapiens,glycosylated lysosomal membrane protein(GLMP),0.42965782,GLMP,Glycosylated Lysosomal Membrane Protein,Protein Coding,Q8WWB7,40,GC01M156290,11.57527924,https://www.genecards.org/cgi-bin/carddisp.pl?gene=GLMP
904,84168,904,ANTXR1,84168,Homo sapiens,ANTXR cell adhesion molecule 1(ANTXR1),0.42492248,ANTXR1,ANTXR Cell Adhesion Molecule 1,Protein Coding,Q9H6X2,58,GC02P068977,39.06422806,https://www.genecards.org/cgi-bin/carddisp.pl?gene=ANTXR1
26,87,26,ACTN1,87,Homo sapiens,actinin alpha 1(ACTN1),0.42334976,ACTN1,Actinin Alpha 1,Protein Coding,P12814,62,GC14M068874,38.22736359,https://www.genecards.org/cgi-bin/carddisp.pl?gene=ACTN1
2222,7018,2222,TF,7018,Homo sapiens,transferrin(TF),0.4223029,TF,Transferrin,Protein Coding,P02787,64,GC03P140082,65.1313324,https://www.genecards.org/cgi-bin/carddisp.pl?gene=TF
2023,6647,2023,SOD1,6647,Homo sapiens,superoxide dismutase 1(SOD1),0.41760839,SOD1,Superoxide Dismutase 1,Protein Coding,P00441,66,GC21P031659,91.06215668,https://www.genecards.org/cgi-bin/carddisp.pl?gene=SOD1
336,868,336,CBLB,868,Homo sapiens,Cbl proto-oncogene B(CBLB),0.41190849,CBLB,Cbl Proto-Oncogene B,Protein Coding,Q13191,58,GC03M105655,36.03284836,https://www.genecards.org/cgi-bin/carddisp.pl?gene=CBLB
1503,4867,1503,NPHP1,4867,Homo sapiens,nephrocystin 1(NPHP1),0.40624585,NPHP1,Nephrocystin 1,Protein Coding,O15259,55,GC02M110122,55.76729584,https://www.genecards.org/cgi-bin/carddisp.pl?gene=NPHP1
1478,4684,1478,NCAM1,4684,Homo sapiens,neural cell adhesion molecule 1(NCAM1),0.40266267,NCAM1,Neural Cell Adhesion Molecule 1,Protein Coding,P13591,61,GC11P112961,48.57487106,https://www.genecards.org/cgi-bin/carddisp.pl?gene=NCAM1
2410,65123,2410,INTS3,65123,Homo sapiens,integrator complex subunit 3(INTS3),0.37506132,INTS3,Integrator Complex Subunit 3,Protein Coding,Q68E01,48,GC01P153728,26.67539024,https://www.genecards.org/cgi-bin/carddisp.pl?gene=INTS3
700,50943,700,FOXP3,50943,Homo sapiens,forkhead box P3(FOXP3),0.37407602,FOXP3,Forkhead Box P3,Protein Coding,Q9BZS1,60,GC0XM049250,89.23452759,https://www.genecards.org/cgi-bin/carddisp.pl?gene=FOXP3
973,27005,973,USP21,27005,Homo sapiens,ubiquitin specific peptidase 21(USP21),0.36819338,USP21,Ubiquitin Specific Peptidase 21,Protein Coding,Q9UK80,50,GC01P161159,20.75328636,https://www.genecards.org/cgi-bin/carddisp.pl?gene=USP21
1108,2778,1108,GNAS,2778,Homo sapiens,GNAS complex locus(GNAS),0.3580086,GNAS,GNAS Complex Locus,Protein Coding,P84996,62,GC20P058839,97.8927002,https://www.genecards.org/cgi-bin/carddisp.pl?gene=GNAS
1320,3667,1320,IRS1,3667,Homo sapiens,insulin receptor substrate 1(IRS1),0.3546451,IRS1,Insulin Receptor Substrate 1,Protein Coding,P35568,61,GC02M226731,66.22586823,https://www.genecards.org/cgi-bin/carddisp.pl?gene=IRS1
1461,29126,1461,CD274,29126,Homo sapiens,CD274 molecule(CD274),0.3460703,CD274,CD274 Molecule,Protein Coding,Q9NZQ7,58,GC09P005450,78.59754181,https://www.genecards.org/cgi-bin/carddisp.pl?gene=CD274
2336,7416,2336,VDAC1,7416,Homo sapiens,voltage dependent anion channel 1(VDAC1),0.33853589,VDAC1,Voltage Dependent Anion Channel 1,Protein Coding,P21796,58,GC05M133975,34.57542419,https://www.genecards.org/cgi-bin/carddisp.pl?gene=VDAC1
80,185,80,AGTR1,185,Homo sapiens,angiotensin II receptor type 1(AGTR1),0.33573162,AGTR1,Angiotensin II Receptor Type 1,Protein Coding,P30556,65,GC03P148697,72.23390961,https://www.genecards.org/cgi-bin/carddisp.pl?gene=AGTR1
1316,3635,1316,INPP5D,3635,Homo sapiens,inositol polyphosphate-5-phosphatase D(INPP5D),0.3119208,INPP5D,Inositol Polyphosphate-5-Phosphatase D,Protein Coding,Q92835,58,GC02P233059,33.05431366,https://www.genecards.org/cgi-bin/carddisp.pl?gene=INPP5D
1339,3710,1339,ITPR3,3710,Homo sapiens,"inositol 1,4,5-trisphosphate receptor type 3(ITPR3)",0.29726475,ITPR3,"Inositol 1,4,5-Trisphosphate Receptor Type 3",Protein Coding,Q14573,58,GC06P033620,39.37170029,https://www.genecards.org/cgi-bin/carddisp.pl?gene=ITPR3
1130,11016,1130,ATF7,11016,Homo sapiens,activating transcription factor 7(ATF7),0.2942029,ATF7,Activating Transcription Factor 7,Protein Coding,P17544,50,GC12M053815,21.52519989,https://www.genecards.org/cgi-bin/carddisp.pl?gene=ATF7
1059,2643,1059,GCH1,2643,Homo sapiens,GTP cyclohydrolase 1(GCH1),0.28812488,GCH1,GTP Cyclohydrolase 1,Protein Coding,P30793,59,GC14M054842,66.62447357,https://www.genecards.org/cgi-bin/carddisp.pl?gene=GCH1
109,8431,109,NR0B2,8431,Homo sapiens,nuclear receptor subfamily 0 group B member 2(NR0B2),0.27068595,NR0B2,Nuclear Receptor Subfamily 0 Group B Member 2,Protein Coding,Q15466,54,GC01M031719,43.22488022,https://www.genecards.org/cgi-bin/carddisp.pl?gene=NR0B2
1389,3984,1389,LIMK1,3984,Homo sapiens,LIM domain kinase 1(LIMK1),0.26320208,LIMK1,LIM Domain Kinase 1,Protein Coding,P53667,62,GC07P074082,49.80438232,https://www.genecards.org/cgi-bin/carddisp.pl?gene=LIMK1
2342,7433,2342,VIPR1,7433,Homo sapiens,vasoactive intestinal peptide receptor 1(VIPR1),0.26031973,VIPR1,Vasoactive Intestinal Peptide Receptor 1,Protein Coding,P32241,58,GC03P042490,23.71216202,https://www.genecards.org/cgi-bin/carddisp.pl?gene=VIPR1
44,118,44,ADD1,118,Homo sapiens,adducin 1(ADD1),0.23314638,ADD1,Adducin 1,Protein Coding,P35611,58,GC04P004798,31.98229218,https://www.genecards.org/cgi-bin/carddisp.pl?gene=ADD1
100,217,100,ALDH2,217,Homo sapiens,aldehyde dehydrogenase 2 family member(ALDH2),0.23198191,ALDH2,Aldehyde Dehydrogenase 2 Family Member,Protein Coding,P05091,64,GC12P111766,48.48048401,https://www.genecards.org/cgi-bin/carddisp.pl?gene=ALDH2
2126,64170,2126,CARD9,64170,Homo sapiens,caspase recruitment domain family member 9(CARD9),0.22125863,CARD9,Caspase Recruitment Domain Family Member 9,Protein Coding,Q9H257,58,GC09M136364,38.65978241,https://www.genecards.org/cgi-bin/carddisp.pl?gene=CARD9
511,9612,511,NCOR2,9612,Homo sapiens,nuclear receptor corepressor 2(NCOR2),0.21375305,NCOR2,Nuclear Receptor Corepressor 2,Protein Coding,Q9Y618,56,GC12M124324,50.03128433,https://www.genecards.org/cgi-bin/carddisp.pl?gene=NCOR2
782,10207,782,PATJ,10207,Homo sapiens,PATJ crumbs cell polarity complex component(PATJ),0.21300946,PATJ,PATJ Crumbs Cell Polarity Complex Component,Protein Coding,Q8NI35,48,GC01P061743,20.65703964,https://www.genecards.org/cgi-bin/carddisp.pl?gene=PATJ
1570,29843,1570,SENP1,29843,Homo sapiens,SUMO specific peptidase 1(SENP1),0.21226716,SENP1,SUMO Specific Peptidase 1,Protein Coding,Q9P0U3,52,GC12M048042,21.15350723,https://www.genecards.org/cgi-bin/carddisp.pl?gene=SENP1
2388,56852,2388,RAD18,56852,Homo sapiens,RAD18 E3 ubiquitin protein ligase(RAD18),0.208209,RAD18,RAD18 E3 Ubiquitin Protein Ligase,Protein Coding,Q9NS91,52,GC03M008775,20.73695183,https://www.genecards.org/cgi-bin/carddisp.pl?gene=RAD18
2229,7040,2229,TGFB1,7040,Homo sapiens,transforming growth factor beta 1(TGFB1),0.19733862,TGFB1,Transforming Growth Factor Beta 1,Protein Coding,P01137,66,GC19M041301,157.9306488,https://www.genecards.org/cgi-bin/carddisp.pl?gene=TGFB1
1331,3690,1331,ITGB3,3690,Homo sapiens,integrin subunit beta 3(ITGB3),0.19413421,ITGB3,Integrin Subunit Beta 3,Protein Coding,P05106,65,GC17P123264,73.24238586,https://www.genecards.org/cgi-bin/carddisp.pl?gene=ITGB3
2358,7465,2358,WEE1,7465,Homo sapiens,WEE1 G2 checkpoint kinase(WEE1),0.18885422,WEE1,WEE1 G2 Checkpoint Kinase,Protein Coding,P30291,61,GC11P009573,37.36789322,https://www.genecards.org/cgi-bin/carddisp.pl?gene=WEE1
1000,51663,1000,ZFR,51663,Homo sapiens,zinc finger RNA binding protein(ZFR),0.18433597,ZFR,Zinc Finger RNA Binding Protein,Protein Coding,Q96KR1,49,GC05M032354,35.37822342,https://www.genecards.org/cgi-bin/carddisp.pl?gene=ZFR
33,8295,33,TRRAP,8295,Homo sapiens,transformation/transcription domain associated protein(TRRAP),0.17411619,TRRAP,Transformation/Transcription Domain Associated Protein,Protein Coding,Q9Y4A5,58,GC07P098877,47.7203598,https://www.genecards.org/cgi-bin/carddisp.pl?gene=TRRAP
127,8473,127,OGT,8473,Homo sapiens,O-linked N-acetylglucosamine (GlcNAc) transferase(OGT),0.17177396,OGT,O-Linked N-Acetylglucosamine (GlcNAc) Transferase,Protein Coding,O15294,59,GC0XP071800,53.2859726,https://www.genecards.org/cgi-bin/carddisp.pl?gene=OGT
384,989,384,SEPTIN7,989,Homo sapiens,septin 7(SEPTIN7),0.16812534,SEPTIN7,Septin 7,Protein Coding,Q16181,46,GC07P036833,17.21454239,https://www.genecards.org/cgi-bin/carddisp.pl?gene=SEPTIN7
790,2034,790,EPAS1,2034,Homo sapiens,endothelial PAS domain protein 1(EPAS1),0.16615182,EPAS1,Endothelial PAS Domain Protein 1,Protein Coding,Q99814,64,GC02P046293,62.45573807,https://www.genecards.org/cgi-bin/carddisp.pl?gene=EPAS1
898,2243,898,FGA,2243,Homo sapiens,fibrinogen alpha chain(FGA),0.16582393,FGA,Fibrinogen Alpha Chain,Protein Coding,P02671,63,GC04M154583,54.07053757,https://www.genecards.org/cgi-bin/carddisp.pl?gene=FGA
1515,4928,1515,NUP98,4928,Homo sapiens,nucleoporin 98 and 96 precursor(NUP98),0.16191578,NUP98,Nucleoporin 98 And 96 Precursor,Protein Coding,P52948,58,GC11M003671,46.47705841,https://www.genecards.org/cgi-bin/carddisp.pl?gene=NUP98
456,25831,456,HECTD1,25831,Homo sapiens,HECT domain E3 ubiquitin protein ligase 1(HECTD1),0.15869646,HECTD1,HECT Domain E3 Ubiquitin Protein Ligase 1,Protein Coding,Q9ULT8,44,GC14M031100,13.69984055,https://www.genecards.org/cgi-bin/carddisp.pl?gene=HECTD1
105,231,105,AKR1B1,231,Homo sapiens,aldo-keto reductase family 1 member B(AKR1B1),0.15550695,AKR1B1,Aldo-Keto Reductase Family 1 Member B,Protein Coding,P15121,59,GC07M134442,36.80537415,https://www.genecards.org/cgi-bin/carddisp.pl?gene=AKR1B1
2339,7430,2339,EZR,7430,Homo sapiens,ezrin(EZR),0.15235244,EZR,Ezrin,Protein Coding,P15311,59,GC06M158765,58.59057617,https://www.genecards.org/cgi-bin/carddisp.pl?gene=EZR
1747,5903,1747,RANBP2,5903,Homo sapiens,RAN binding protein 2(RANBP2),0.15172484,RANBP2,RAN Binding Protein 2,Protein Coding,P49792,57,GC02P108719,53.67181778,https://www.genecards.org/cgi-bin/carddisp.pl?gene=RANBP2
578,9734,578,HDAC9,9734,Homo sapiens,histone deacetylase 9(HDAC9),0.15078587,HDAC9,Histone Deacetylase 9,Protein Coding,Q9UKV0,63,GC07P018086,59.7098732,https://www.genecards.org/cgi-bin/carddisp.pl?gene=HDAC9
1803,6097,1803,RORC,6097,Homo sapiens,RAR related orphan receptor C(RORC),0.1424813,RORC,RAR Related Orphan Receptor C,Protein Coding,P51449,56,GC01M151806,46.44549179,https://www.genecards.org/cgi-bin/carddisp.pl?gene=RORC
1187,11214,1187,AKAP13,11214,Homo sapiens,A-kinase anchoring protein 13(AKAP13),0.14096657,AKAP13,A-Kinase Anchoring Protein 13,Protein Coding,Q12802,56,GC15P167167,37.06626511,https://www.genecards.org/cgi-bin/carddisp.pl?gene=AKAP13
1223,3108,1223,HLA-DMA,3108,Homo sapiens,"major histocompatibility complex, class II, DM alpha(HLA-DMA)",0.12771994,HLA-DMA,"Major Histocompatibility Complex, Class II, DM Alpha",Protein Coding,P28067,51,GC06M097181,25.71257782,https://www.genecards.org/cgi-bin/carddisp.pl?gene=HLA-DMA
2028,6654,2028,SOS1,6654,Homo sapiens,SOS Ras/Rac guanine nucleotide exchange factor 1(SOS1),0.12401008,SOS1,SOS Ras/Rac Guanine Nucleotide Exchange Factor 1,Protein Coding,Q07889,64,GC02M039300,74.75791168,https://www.genecards.org/cgi-bin/carddisp.pl?gene=SOS1
1811,112616,1811,CMTM7,112616,Homo sapiens,CKLF like MARVEL transmembrane domain containing 7(CMTM7),0.1110583,CMTM7,CKLF Like MARVEL Transmembrane Domain Containing 7,Protein Coding,Q96FZ5,43,GC03P032657,11.20229149,https://www.genecards.org/cgi-bin/carddisp.pl?gene=CMTM7
1273,3423,1273,IDS,3423,Homo sapiens,iduronate 2-sulfatase(IDS),0.10471978,IDS,Iduronate 2-Sulfatase,Protein Coding,P22304,60,GC0XM149476,56.65417862,https://www.genecards.org/cgi-bin/carddisp.pl?gene=IDS
264,667,264,DST,667,Homo sapiens,dystonin(DST),0.09856887,DST,Dystonin,Protein Coding,Q03001,55,GC06M056457,51.3682251,https://www.genecards.org/cgi-bin/carddisp.pl?gene=DST
466,9475,466,ROCK2,9475,Homo sapiens,Rho associated coiled-coil containing protein kinase 2(ROCK2),0.09187687,ROCK2,Rho Associated Coiled-Coil Containing Protein Kinase 2,Protein Coding,O75116,58,GC02M011507,33.25694275,https://www.genecards.org/cgi-bin/carddisp.pl?gene=ROCK2
1026,51729,1026,WBP11,51729,Homo sapiens,WW domain binding protein 11(WBP11),0.08612739,WBP11,WW Domain Binding Protein 11,Protein Coding,Q9Y2W2,48,GC12M014784,21.47817993,https://www.genecards.org/cgi-bin/carddisp.pl?gene=WBP11
7,12,7,SERPINA3,12,Homo sapiens,serpin family A member 3(SERPINA3),0.08262911,SERPINA3,Serpin Family A Member 3,Protein Coding,P01011,56,GC14P094612,35.79321671,https://www.genecards.org/cgi-bin/carddisp.pl?gene=SERPINA3
1267,3364,1267,HUS1,3364,Homo sapiens,HUS1 checkpoint clamp component(HUS1),0.07920048,HUS1,HUS1 Checkpoint Clamp Component,Protein Coding,O60921,51,GC07M048089,21.42965508,https://www.genecards.org/cgi-bin/carddisp.pl?gene=HUS1
1084,10891,1084,PPARGC1A,10891,Homo sapiens,PPARG coactivator 1 alpha(PPARGC1A),0.06623185,PPARGC1A,PPARG Coactivator 1 Alpha,Protein Coding,Q9UBK2,60,GC04M023755,81.03941345,https://www.genecards.org/cgi-bin/carddisp.pl?gene=PPARGC1A
1636,5469,1636,MED1,5469,Homo sapiens,mediator complex subunit 1(MED1),0.04573237,MED1,Mediator Complex Subunit 1,Protein Coding,Q15648,55,GC17M039404,47.27772522,https://www.genecards.org/cgi-bin/carddisp.pl?gene=MED1
1183,3002,1183,GZMB,3002,Homo sapiens,granzyme B(GZMB),0.04410489,GZMB,Granzyme B,Protein Coding,P10144,60,GC14M024630,45.13035202,https://www.genecards.org/cgi-bin/carddisp.pl?gene=GZMB
478,91445,478,RNF185,91445,Homo sapiens,ring finger protein 185(RNF185),0.03587386,RNF185,Ring Finger Protein 185,Protein Coding,Q96GF1,43,GC22P031160,12.5589838,https://www.genecards.org/cgi-bin/carddisp.pl?gene=RNF185
368,948,368,CD36,948,Homo sapiens,CD36 molecule (CD36 blood group)(CD36),0.03555569,CD36,CD36 Molecule (CD36 Blood Group),Protein Coding,P16671,63,GC07P080369,83.74021912,https://www.genecards.org/cgi-bin/carddisp.pl?gene=CD36
2156,6907,2156,TBL1X,6907,Homo sapiens,transducin beta like 1 X-linked(TBL1X),0.03555115,TBL1X,Transducin Beta Like 1 X-Linked,Protein Coding,O60907,52,GC0XP009463,39.75807953,https://www.genecards.org/cgi-bin/carddisp.pl?gene=TBL1X
720,83759,720,RBM4B,83759,Homo sapiens,RNA binding motif protein 4B(RBM4B),0.03202727,RBM4B,RNA Binding Motif Protein 4B,Protein Coding,Q9BQ04,42,GC11M066664,19.76145554,https://www.genecards.org/cgi-bin/carddisp.pl?gene=RBM4B
2193,23352,2193,UBR4,23352,Homo sapiens,ubiquitin protein ligase E3 component n-recognin 4(UBR4),0.02950359,UBR4,Ubiquitin Protein Ligase E3 Component N-Recognin 4,Protein Coding,Q5T4S7,52,GC01M019074,25.45704269,https://www.genecards.org/cgi-bin/carddisp.pl?gene=UBR4
444,1230,444,CCR1,1230,Homo sapiens,C-C motif chemokine receptor 1(CCR1),0.02466101,CCR1,C-C Motif Chemokine Receptor 1,Protein Coding,P32246,56,GC03M046218,55.15209198,https://www.genecards.org/cgi-bin/carddisp.pl?gene=CCR1
451,1244,451,ABCC2,1244,Homo sapiens,ATP binding cassette subfamily C member 2(ABCC2),0.01881822,ABCC2,ATP Binding Cassette Subfamily C Member 2,Protein Coding,Q92887,62,GC10P099782,59.57610321,https://www.genecards.org/cgi-bin/carddisp.pl?gene=ABCC2
266,8864,266,PER2,8864,Homo sapiens,period circadian regulator 2(PER2),0.01838438,PER2,Period Circadian Regulator 2,Protein Coding,O15055,56,GC02M238244,107.2401962,https://www.genecards.org/cgi-bin/carddisp.pl?gene=PER2
2116,6812,2116,STXBP1,6812,Homo sapiens,syntaxin binding protein 1(STXBP1),0.01568768,STXBP1,Syntaxin Binding Protein 1,Protein Coding,P61764,62,GC09P143801,57.91571045,https://www.genecards.org/cgi-bin/carddisp.pl?gene=STXBP1
1553,29760,1553,BLNK,29760,Homo sapiens,B cell linker(BLNK),0.01136902,BLNK,B Cell Linker,Protein Coding,Q8WV28,59,GC10M096303,40.02882004,https://www.genecards.org/cgi-bin/carddisp.pl?gene=BLNK
133,57646,133,USP28,57646,Homo sapiens,ubiquitin specific peptidase 28(USP28),0.01100905,USP28,Ubiquitin Specific Peptidase 28,Protein Coding,Q96RU2,52,GC11M113797,21.24552917,https://www.genecards.org/cgi-bin/carddisp.pl?gene=USP28
748,10128,748,LRPPRC,10128,Homo sapiens,leucine rich pentatricopeptide repeat containing(LRPPRC),0.01035197,LRPPRC,Leucine Rich Pentatricopeptide Repeat Containing,Protein Coding,P42704,55,GC02M043886,53.38267517,https://www.genecards.org/cgi-bin/carddisp.pl?gene=LRPPRC
2050,55833,2050,UBAP2,55833,Homo sapiens,ubiquitin associated protein 2(UBAP2),0.00940069,UBAP2,Ubiquitin Associated Protein 2,Protein Coding,Q5T6F2,41,GC09M033921,15.82761288,https://www.genecards.org/cgi-bin/carddisp.pl?gene=UBAP2
661,9898,661,UBAP2L,9898,Homo sapiens,ubiquitin associated protein 2 like(UBAP2L),0.00902257,UBAP2L,Ubiquitin Associated Protein 2 Like,Protein Coding,Q14157,44,GC01P167192,24.35416985,https://www.genecards.org/cgi-bin/carddisp.pl?gene=UBAP2L
989,10664,989,CTCF,10664,Homo sapiens,CCCTC-binding factor(CTCF),0.005048,CTCF,CCCTC-Binding Factor,Protein Coding,P49711,60,GC16P097654,64.66969299,https://www.genecards.org/cgi-bin/carddisp.pl?gene=CTCF
2259,56252,2259,YLPM1,56252,Homo sapiens,YLP motif containing 1(YLPM1),0.00313961,YLPM1,YLP Motif Containing 1,Protein Coding,P49750,40,GC14P074763,15.49707508,https://www.genecards.org/cgi-bin/carddisp.pl?gene=YLPM1
1219,3099,1219,HK2,3099,Homo sapiens,hexokinase 2(HK2),0.00288656,HK2,Hexokinase 2,Protein Coding,P52789,59,GC02P075073,38.1593399,https://www.genecards.org/cgi-bin/carddisp.pl?gene=HK2
2290,7178,2290,TPT1,7178,Homo sapiens,"tumor protein, translationally-controlled 1(TPT1)",0.00171042,TPT1,"Tumor Protein, Translationally-Controlled 1",Protein Coding,P13693,60,GC13M045333,27.67916107,https://www.genecards.org/cgi-bin/carddisp.pl?gene=TPT1
1945,55690,1945,PACS1,55690,Homo sapiens,phosphofurin acidic cluster sorting protein 1(PACS1),0.00116188,PACS1,Phosphofurin Acidic Cluster Sorting Protein 1,Protein Coding,Q6VY07,54,GC11P094685,36.23101807,https://www.genecards.org/cgi-bin/carddisp.pl?gene=PACS1
826,2103,826,ESRRB,2103,Homo sapiens,estrogen related receptor beta(ESRRB),0.00102321,ESRRB,Estrogen Related Receptor Beta,Protein Coding,O95718,60,GC14P076310,43.2206192,https://www.genecards.org/cgi-bin/carddisp.pl?gene=ESRRB
1996,6602,1996,SMARCD1,6602,Homo sapiens,"SWI/SNF related, matrix associated, actin dependent regulator of chromatin, subfamily d, member 1(SMARCD1)",0.00071216,SMARCD1,"SWI/SNF Related, Matrix Associated, Actin Dependent Regulator Of Chromatin, Subfamily D, Member 1",Protein Coding,Q96GM5,52,GC12P050085,49.9887352,https://www.genecards.org/cgi-bin/carddisp.pl?gene=SMARCD1
959,10577,959,NPC2,10577,Homo sapiens,NPC intracellular cholesterol transporter 2(NPC2),0.00044972,NPC2,NPC Intracellular Cholesterol Transporter 2,Protein Coding,P61916,56,GC14M074476,58.57874298,https://www.genecards.org/cgi-bin/carddisp.pl?gene=NPC2
1117,2799,1117,GNS,2799,Homo sapiens,glucosamine (N-acetyl)-6-sulfatase(GNS),0.00039431,GNS,Glucosamine (N-Acetyl)-6-Sulfatase,Protein Coding,P15586,58,GC12M064713,42.81233978,https://www.genecards.org/cgi-bin/carddisp.pl?gene=GNS
484,1356,484,CP,1356,Homo sapiens,ceruloplasmin(CP),0.0003671,CP,Ceruloplasmin,Protein Coding,P00450,61,GC03M149162,78.35462952,https://www.genecards.org/cgi-bin/carddisp.pl?gene=CP
2441,57088,2441,PLSCR4,57088,Homo sapiens,phospholipid scramblase 4(PLSCR4),0.00029711,PLSCR4,Phospholipid Scramblase 4,Protein Coding,Q9NRQ2,48,GC03M146192,10.89751148,https://www.genecards.org/cgi-bin/carddisp.pl?gene=PLSCR4
2458,57161,2458,PELI2,57161,Homo sapiens,pellino E3 ubiquitin protein ligase family member 2(PELI2),0.00028934,PELI2,Pellino E3 Ubiquitin Protein Ligase Family Member 2,Protein Coding,Q9HAT8,45,GC14P056117,12.28839302,https://www.genecards.org/cgi-bin/carddisp.pl?gene=PELI2
1688,5717,1688,PSMD11,5717,Homo sapiens,"proteasome 26S subunit, non-ATPase 11(PSMD11)",0.00028642,PSMD11,"Proteasome 26S Subunit, Non-ATPase 11",Protein Coding,O00231,50,GC17P032444,28.46292114,https://www.genecards.org/cgi-bin/carddisp.pl?gene=PSMD11
2138,23239,2138,PHLPP1,23239,Homo sapiens,PH domain and leucine rich repeat protein phosphatase 1(PHLPP1),0.00025758,PHLPP1,PH Domain And Leucine Rich Repeat Protein Phosphatase 1,Protein Coding,O60346,50,GC18P062715,31.84488678,https://www.genecards.org/cgi-bin/carddisp.pl?gene=PHLPP1
1558,5209,1558,PFKFB3,5209,Homo sapiens,"6-phosphofructo-2-kinase/fructose-2,6-biphosphatase 3(PFKFB3)",0.00025532,PFKFB3,"6-Phosphofructo-2-Kinase/Fructose-2,6-Biphosphatase 3",Protein Coding,Q16875,56,GC10P006144,25.7183876,https://www.genecards.org/cgi-bin/carddisp.pl?gene=PFKFB3
580,9736,580,USP34,9736,Homo sapiens,ubiquitin specific peptidase 34(USP34),0.00024819,USP34,Ubiquitin Specific Peptidase 34,Protein Coding,Q70CQ2,50,GC02M061187,23.70095634,https://www.genecards.org/cgi-bin/carddisp.pl?gene=USP34
2473,8073,2473,PTP4A2,8073,Homo sapiens,protein tyrosine phosphatase 4A2(PTP4A2),0.00021968,PTP4A2,Protein Tyrosine Phosphatase 4A2,Protein Coding,Q12974,54,GC01M031936,19.29713249,https://www.genecards.org/cgi-bin/carddisp.pl?gene=PTP4A2
183,405,183,ARNT,405,Homo sapiens,aryl hydrocarbon receptor nuclear translocator(ARNT),0.0002119,ARNT,Aryl Hydrocarbon Receptor Nuclear Translocator,Protein Coding,P27540,58,GC01M150809,49.67572403,https://www.genecards.org/cgi-bin/carddisp.pl?gene=ARNT
2361,56650,2361,CLDND1,56650,Homo sapiens,claudin domain containing 1(CLDND1),0.00020996,CLDND1,Claudin Domain Containing 1,Protein Coding,Q9NY35,48,GC03M098497,17.75126266,https://www.genecards.org/cgi-bin/carddisp.pl?gene=CLDND1
742,26504,742,CNNM4,26504,Homo sapiens,cyclin and CBS domain divalent metal cation transport mediator 4(CNNM4),0.00020801,CNNM4,Cyclin And CBS Domain Divalent Metal Cation Transport Mediator 4,Protein Coding,Q6P4Q7,52,GC02P098024,31.80882835,https://www.genecards.org/cgi-bin/carddisp.pl?gene=CNNM4
955,10564,955,ARFGEF2,10564,Homo sapiens,ADP ribosylation factor guanine nucleotide exchange factor 2(ARFGEF2),0.00020477,ARFGEF2,ADP Ribosylation Factor Guanine Nucleotide Exchange Factor 2,Protein Coding,Q9Y6D5,53,GC20P048921,40.10203934,https://www.genecards.org/cgi-bin/carddisp.pl?gene=ARFGEF2
687,9967,687,THRAP3,9967,Homo sapiens,thyroid hormone receptor associated protein 3(THRAP3),0.00018825,THRAP3,Thyroid Hormone Receptor Associated Protein 3,Protein Coding,Q9Y2W1,47,GC01P053868,30.35410881,https://www.genecards.org/cgi-bin/carddisp.pl?gene=THRAP3
546,9672,546,SDC3,9672,Homo sapiens,syndecan 3(SDC3),0.00017853,SDC3,Syndecan 3,Protein Coding,O75056,54,GC01M030869,17.36162376,https://www.genecards.org/cgi-bin/carddisp.pl?gene=SDC3
2005,80344,2005,DCAF11,80344,Homo sapiens,DDB1 and CUL4 associated factor 11(DCAF11),0.00017431,DCAF11,DDB1 And CUL4 Associated Factor 11,Protein Coding,Q8TEB1,40,GC14P024114,9.315397263,https://www.genecards.org/cgi-bin/carddisp.pl?gene=DCAF11
1281,3479,1281,IGF1,3479,Homo sapiens,insulin like growth factor 1(IGF1),0.00016945,IGF1,Insulin Like Growth Factor 1,Protein Coding,P05019,61,GC12M102395,116.8109741,https://www.genecards.org/cgi-bin/carddisp.pl?gene=IGF1
593,50717,593,DCAF8,50717,Homo sapiens,DDB1 and CUL4 associated factor 8(DCAF8),0.00016719,DCAF8,DDB1 And CUL4 Associated Factor 8,Protein Coding,Q5TAQ9,50,GC01M160215,25.94955444,https://www.genecards.org/cgi-bin/carddisp.pl?gene=DCAF8
1968,6567,1968,SLC16A2,6567,Homo sapiens,solute carrier family 16 member 2(SLC16A2),0.00016362,SLC16A2,Solute Carrier Family 16 Member 2,Protein Coding,P36021,56,GC0XP074910,52.9909668,https://www.genecards.org/cgi-bin/carddisp.pl?gene=SLC16A2
2258,7099,2258,TLR4,7099,Homo sapiens,toll like receptor 4(TLR4),0.00016103,TLR4,Toll Like Receptor 4,Protein Coding,O00206,64,GC09P117704,102.5157166,https://www.genecards.org/cgi-bin/carddisp.pl?gene=TLR4
423,1153,423,CIRBP,1153,Homo sapiens,cold inducible RNA binding protein(CIRBP),0.00015196,CIRBP,Cold Inducible RNA Binding Protein,Protein Coding,Q14011,48,GC19P001259,22.81252289,https://www.genecards.org/cgi-bin/carddisp.pl?gene=CIRBP
629,91748,629,MIDEAS,91748,Homo sapiens,mitotic deacetylase associated SANT domain protein(MIDEAS),0.00014904,MIDEAS,Mitotic Deacetylase Associated SANT Domain Protein,Protein Coding,Q6PJG2,40,GC14M074100,12.98924255,https://www.genecards.org/cgi-bin/carddisp.pl?gene=MIDEAS
1255,3251,1255,HPRT1,3251,Homo sapiens,hypoxanthine phosphoribosyltransferase 1(HPRT1),0.00014515,HPRT1,Hypoxanthine Phosphoribosyltransferase 1,Protein Coding,P00492,61,GC0XP134460,63.41059494,https://www.genecards.org/cgi-bin/carddisp.pl?gene=HPRT1
2223,23405,2223,DICER1,23405,Homo sapiens,"dicer 1, ribonuclease III(DICER1)",0.00014127,DICER1,"Dicer 1, Ribonuclease III",Protein Coding,Q9UPY3,61,GC14M095086,81.16416931,https://www.genecards.org/cgi-bin/carddisp.pl?gene=DICER1
1583,5297,1583,PI4KA,5297,Homo sapiens,phosphatidylinositol 4-kinase alpha(PI4KA),0.00013932,PI4KA,Phosphatidylinositol 4-Kinase Alpha,Protein Coding,P42356,61,GC22M020707,40.24209595,https://www.genecards.org/cgi-bin/carddisp.pl?gene=PI4KA
691,9970,691,NR1I3,9970,Homo sapiens,nuclear receptor subfamily 1 group I member 3(NR1I3),0.00011211,NR1I3,Nuclear Receptor Subfamily 1 Group I Member 3,Protein Coding,Q14994,57,GC01M161229,43.9414711,https://www.genecards.org/cgi-bin/carddisp.pl?gene=NR1I3
1295,3553,1295,IL1B,3553,Homo sapiens,interleukin 1 beta(IL1B),0.00010627,IL1B,Interleukin 1 Beta,Protein Coding,P01584,60,GC02M112829,131.9062347,https://www.genecards.org/cgi-bin/carddisp.pl?gene=IL1B
1513,4908,1513,NTF3,4908,Homo sapiens,neurotrophin 3(NTF3),9.655e-05,NTF3,Neurotrophin 3,Protein Coding,P20783,57,GC12P042069,37.86089706,https://www.genecards.org/cgi-bin/carddisp.pl?gene=NTF3
773,92105,773,INTS4,92105,Homo sapiens,integrator complex subunit 4(INTS4),8.489e-05,INTS4,Integrator Complex Subunit 4,Protein Coding,Q96HW7,44,GC11M129429,13.87313175,https://www.genecards.org/cgi-bin/carddisp.pl?gene=INTS4
1881,375056,1881,MIA3,375056,Homo sapiens,MIA SH3 domain ER export factor 3(MIA3),8.003e-05,MIA3,MIA SH3 Domain ER Export Factor 3,Protein Coding,Q5JRA6,48,GC01P222618,24.98385811,https://www.genecards.org/cgi-bin/carddisp.pl?gene=MIA3
263,8858,263,PROZ,8858,Homo sapiens,"protein Z, vitamin K dependent plasma glycoprotein(PROZ)",7.906e-05,PROZ,"Protein Z, Vitamin K Dependent Plasma Glycoprotein",Protein Coding,P22891,52,GC13P113158,15.86346817,https://www.genecards.org/cgi-bin/carddisp.pl?gene=PROZ
1415,4128,1415,MAOA,4128,Homo sapiens,monoamine oxidase A(MAOA),7.711e-05,MAOA,Monoamine Oxidase A,Protein Coding,P21397,62,GC0XP043654,70.17512512,https://www.genecards.org/cgi-bin/carddisp.pl?gene=MAOA
1416,4129,1416,MAOB,4129,Homo sapiens,monoamine oxidase B(MAOB),7.323e-05,MAOB,Monoamine Oxidase B,Protein Coding,P27338,56,GC0XM043766,38.65927505,https://www.genecards.org/cgi-bin/carddisp.pl?gene=MAOB
334,866,334,SERPINA6,866,Homo sapiens,serpin family A member 6(SERPINA6),7.323e-05,SERPINA6,Serpin Family A Member 6,Protein Coding,P08185,58,GC14M120897,31.33963966,https://www.genecards.org/cgi-bin/carddisp.pl?gene=SERPINA6
1934,6519,1934,SLC3A1,6519,Homo sapiens,solute carrier family 3 member 1(SLC3A1),6.934e-05,SLC3A1,Solute Carrier Family 3 Member 1,Protein Coding,Q07837,60,GC02P044275,46.82141113,https://www.genecards.org/cgi-bin/carddisp.pl?gene=SLC3A1
1930,6515,1930,SLC2A3,6515,Homo sapiens,solute carrier family 2 member 3(SLC2A3),6.869e-05,SLC2A3,Solute Carrier Family 2 Member 3,Protein Coding,P11169,61,GC12M007919,41.9646492,https://www.genecards.org/cgi-bin/carddisp.pl?gene=SLC2A3
1949,6542,1949,SLC7A2,6542,Homo sapiens,solute carrier family 7 member 2(SLC7A2),6.642e-05,SLC7A2,Solute Carrier Family 7 Member 2,Protein Coding,P52569,54,GC08P017497,15.06084347,https://www.genecards.org/cgi-bin/carddisp.pl?gene=SLC7A2
1960,55705,1960,IPO9,55705,Homo sapiens,importin 9(IPO9),6.577e-05,IPO9,Importin 9,Protein Coding,Q96P70,41,GC01P201829,14.60089874,https://www.genecards.org/cgi-bin/carddisp.pl?gene=IPO9
634,1644,634,DDC,1644,Homo sapiens,dopa decarboxylase(DDC),6.383e-05,DDC,Dopa Decarboxylase,Protein Coding,P20711,63,GC07M050458,68.35057068,https://www.genecards.org/cgi-bin/carddisp.pl?gene=DDC
1548,5167,1548,ENPP1,5167,Homo sapiens,ectonucleotide pyrophosphatase/phosphodiesterase 1(ENPP1),6.124e-05,ENPP1,Ectonucleotide Pyrophosphatase/Phosphodiesterase 1,Protein Coding,P22413,63,GC06P131808,80.00904846,https://www.genecards.org/cgi-bin/carddisp.pl?gene=ENPP1
639,50807,639,ASAP1,50807,Homo sapiens,"ArfGAP with SH3 domain, ankyrin repeat and PH domain 1(ASAP1)",6.026e-05,ASAP1,"ArfGAP With SH3 Domain, Ankyrin Repeat And PH Domain 1",Protein Coding,Q9ULH1,48,GC08M130052,18.22402,https://www.genecards.org/cgi-bin/carddisp.pl?gene=ASAP1
1950,22926,1950,ATF6,22926,Homo sapiens,activating transcription factor 6(ATF6),5.864e-05,ATF6,Activating Transcription Factor 6,Protein Coding,P18850,61,GC01P161766,44.62794495,https://www.genecards.org/cgi-bin/carddisp.pl?gene=ATF6
300,744,300,MPPED2,744,Homo sapiens,metallophosphoesterase domain containing 2(MPPED2),5.767e-05,MPPED2,Metallophosphoesterase Domain Containing 2,Protein Coding,Q15777,48,GC11M030406,14.01479626,https://www.genecards.org/cgi-bin/carddisp.pl?gene=MPPED2
1536,5096,1536,PCCB,5096,Homo sapiens,propionyl-CoA carboxylase subunit beta(PCCB),5.638e-05,PCCB,Propionyl-CoA Carboxylase Subunit Beta,Protein Coding,P05166,59,GC03P136250,49.6462326,https://www.genecards.org/cgi-bin/carddisp.pl?gene=PCCB
1535,5095,1535,PCCA,5095,Homo sapiens,propionyl-CoA carboxylase subunit alpha(PCCA),5.605e-05,PCCA,Propionyl-CoA Carboxylase Subunit Alpha,Protein Coding,P05165,60,GC13P100089,48.619133,https://www.genecards.org/cgi-bin/carddisp.pl?gene=PCCA
1719,5799,1719,PTPRN2,5799,Homo sapiens,protein tyrosine phosphatase receptor type N2(PTPRN2),5.573e-05,PTPRN2,Protein Tyrosine Phosphatase Receptor Type N2,Protein Coding,Q92932,56,GC07M157539,22.21539116,https://www.genecards.org/cgi-bin/carddisp.pl?gene=PTPRN2
1906,6482,1906,ST3GAL1,6482,Homo sapiens,"ST3 beta-galactoside alpha-2,3-sialyltransferase 1(ST3GAL1)",5.249e-05,ST3GAL1,"ST3 Beta-Galactoside Alpha-2,3-Sialyltransferase 1",Protein Coding,Q11201,52,GC08M133454,19.30940437,https://www.genecards.org/cgi-bin/carddisp.pl?gene=ST3GAL1
590,9750,590,RIPOR2,9750,Homo sapiens,RHO family interacting cell polarization regulator 2(RIPOR2),4.925e-05,RIPOR2,RHO Family Interacting Cell Polarization Regulator 2,Protein Coding,Q9Y4F9,50,GC06M024931,33.67715073,https://www.genecards.org/cgi-bin/carddisp.pl?gene=RIPOR2
589,1558,589,CYP2C8,1558,Homo sapiens,cytochrome P450 family 2 subfamily C member 8(CYP2C8),4.892e-05,CYP2C8,Cytochrome P450 Family 2 Subfamily C Member 8,Protein Coding,P10632,59,GC10M095038,32.54657745,https://www.genecards.org/cgi-bin/carddisp.pl?gene=CYP2C8
570,1520,570,CTSS,1520,Homo sapiens,cathepsin S(CTSS),4.666e-05,CTSS,Cathepsin S,Protein Coding,P25774,59,GC01M150730,25.57110023,https://www.genecards.org/cgi-bin/carddisp.pl?gene=CTSS
567,1514,567,CTSL,1514,Homo sapiens,cathepsin L(CTSL),4.601e-05,CTSL,Cathepsin L,Protein Coding,P07711,60,GC09P087725,39.40489578,https://www.genecards.org/cgi-bin/carddisp.pl?gene=CTSL
1311,3606,1311,IL18,3606,Homo sapiens,interleukin 18(IL18),4.439e-05,IL18,Interleukin 18,Protein Coding,Q14116,57,GC11M112143,66.93611145,https://www.genecards.org/cgi-bin/carddisp.pl?gene=IL18
2146,64218,2146,SEMA4A,64218,Homo sapiens,semaphorin 4A(SEMA4A),4.309e-05,SEMA4A,Semaphorin 4A,Protein Coding,Q9H3S1,56,GC01P156147,28.62743568,https://www.genecards.org/cgi-bin/carddisp.pl?gene=SEMA4A
2435,81618,2435,ITM2C,81618,Homo sapiens,integral membrane protein 2C(ITM2C),3.856e-05,ITM2C,Integral Membrane Protein 2C,Protein Coding,Q9NQX7,45,GC02P230864,14.26331139,https://www.genecards.org/cgi-bin/carddisp.pl?gene=ITM2C
2438,7915,2438,ALDH5A1,7915,Homo sapiens,aldehyde dehydrogenase 5 family member A1(ALDH5A1),3.823e-05,ALDH5A1,Aldehyde Dehydrogenase 5 Family Member A1,Protein Coding,P51649,59,GC06P024494,47.34091568,https://www.genecards.org/cgi-bin/carddisp.pl?gene=ALDH5A1
1468,4638,1468,MYLK,4638,Homo sapiens,myosin light chain kinase(MYLK),3.694e-05,MYLK,Myosin Light Chain Kinase,Protein Coding,Q15746,65,GC03M123610,61.32122803,https://www.genecards.org/cgi-bin/carddisp.pl?gene=MYLK
2276,80854,2276,SETD7,80854,Homo sapiens,"SET domain containing 7, histone lysine methyltransferase(SETD7)",3.596e-05,SETD7,"SET Domain Containing 7, Histone Lysine Methyltransferase",Protein Coding,Q8WTS6,58,GC04M139495,20.51044655,https://www.genecards.org/cgi-bin/carddisp.pl?gene=SETD7
1456,4522,1456,MTHFD1,4522,Homo sapiens,"methylenetetrahydrofolate dehydrogenase, cyclohydrolase and formyltetrahydrofolate synthetase 1(MTHFD1)",3.434e-05,MTHFD1,"Methylenetetrahydrofolate Dehydrogenase, Cyclohydrolase And Formyltetrahydrofolate Synthetase 1",Protein Coding,P11586,58,GC14P064388,41.5660553,https://www.genecards.org/cgi-bin/carddisp.pl?gene=MTHFD1
1705,54915,1705,YTHDF1,54915,Homo sapiens,YTH N6-methyladenosine RNA binding protein F1(YTHDF1),3.208e-05,YTHDF1,YTH N6-Methyladenosine RNA Binding Protein F1,Protein Coding,Q9BYJ9,48,GC20M063195,22.09406662,https://www.genecards.org/cgi-bin/carddisp.pl?gene=YTHDF1
2316,122011,2316,CSNK1A1L,122011,Homo sapiens,casein kinase 1 alpha 1 like(CSNK1A1L),3.078e-05,CSNK1A1L,Casein Kinase 1 Alpha 1 Like,Protein Coding,Q8N752,48,GC13M037103,15.85923767,https://www.genecards.org/cgi-bin/carddisp.pl?gene=CSNK1A1L
1442,4353,1442,MPO,4353,Homo sapiens,myeloperoxidase(MPO),2.786e-05,MPO,Myeloperoxidase,Protein Coding,P05164,66,GC17M058269,65.83240509,https://www.genecards.org/cgi-bin/carddisp.pl?gene=MPO
1598,5327,1598,PLAT,5327,Homo sapiens,"plasminogen activator, tissue type(PLAT)",2.3e-05,PLAT,"Plasminogen Activator, Tissue Type",Protein Coding,P00750,62,GC08M042174,64.65794373,https://www.genecards.org/cgi-bin/carddisp.pl?gene=PLAT
1383,3953,1383,LEPR,3953,Homo sapiens,leptin receptor(LEPR),2.171e-05,LEPR,Leptin Receptor,Protein Coding,P48357,63,GC01P065444,82.32028961,https://www.genecards.org/cgi-bin/carddisp.pl?gene=LEPR
2348,7450,2348,VWF,7450,Homo sapiens,von Willebrand factor(VWF),1.912e-05,VWF,Von Willebrand Factor,Protein Coding,P04275,60,GC12M030626,77.44747925,https://www.genecards.org/cgi-bin/carddisp.pl?gene=VWF
1395,4018,1395,LPA,4018,Homo sapiens,lipoprotein(a)(LPA),1.847e-05,LPA,Lipoprotein(A),Protein Coding,P08519,54,GC06M160531,35.83000946,https://www.genecards.org/cgi-bin/carddisp.pl?gene=LPA
739,124801,739,LSM12,124801,Homo sapiens,LSM12 homolog(LSM12),1.685e-05,LSM12,LSM12 Homolog,Protein Coding,Q3MHD2,41,GC17M044034,10.18053246,https://www.genecards.org/cgi-bin/carddisp.pl?gene=LSM12
1170,11165,1170,NUDT3,11165,Homo sapiens,nudix hydrolase 3(NUDT3),1.652e-05,NUDT3,Nudix Hydrolase 3,Protein Coding,O95989,46,GC06M097240,13.05010414,https://www.genecards.org/cgi-bin/carddisp.pl?gene=NUDT3
2077,64087,2077,MCCC2,64087,Homo sapiens,methylcrotonyl-CoA carboxylase subunit 2(MCCC2),1.62e-05,MCCC2,Methylcrotonyl-CoA Carboxylase Subunit 2,Protein Coding,Q9HCC0,56,GC05P078796,42.73972702,https://www.genecards.org/cgi-bin/carddisp.pl?gene=MCCC2
871,2203,871,FBP1,2203,Homo sapiens,fructose-bisphosphatase 1(FBP1),1.393e-05,FBP1,Fructose-Bisphosphatase 1,Protein Coding,P09467,62,GC09M094603,45.27198792,https://www.genecards.org/cgi-bin/carddisp.pl?gene=FBP1
77,57515,77,SERINC1,57515,Homo sapiens,serine incorporator 1(SERINC1),1.166e-05,SERINC1,Serine Incorporator 1,Protein Coding,Q9NRX5,50,GC06M122443,15.66163063,https://www.genecards.org/cgi-bin/carddisp.pl?gene=SERINC1
2408,56922,2408,MCCC1,56922,Homo sapiens,methylcrotonyl-CoA carboxylase subunit 1(MCCC1),1.102e-05,MCCC1,Methylcrotonyl-CoA Carboxylase Subunit 1,Protein Coding,Q96RQ3,56,GC03M183015,42.35357285,https://www.genecards.org/cgi-bin/carddisp.pl?gene=MCCC1
1507,4886,1507,NPY1R,4886,Homo sapiens,neuropeptide Y receptor Y1(NPY1R),8.42e-06,NPY1R,Neuropeptide Y Receptor Y1,Protein Coding,P25929,52,GC04M163323,16.9401722,https://www.genecards.org/cgi-bin/carddisp.pl?gene=NPY1R
1402,4064,1402,CD180,4064,Homo sapiens,CD180 molecule(CD180),6.8e-06,CD180,CD180 Molecule,Protein Coding,Q99467,51,GC05M067181,16.97066116,https://www.genecards.org/cgi-bin/carddisp.pl?gene=CD180
1400,4057,1400,LTF,4057,Homo sapiens,lactotransferrin(LTF),6.48e-06,LTF,Lactotransferrin,Protein Coding,P02788,58,GC03M046435,47.50850677,https://www.genecards.org/cgi-bin/carddisp.pl?gene=LTF
1354,3778,1354,KCNMA1,3778,Homo sapiens,potassium calcium-activated channel subfamily M alpha 1(KCNMA1),6.16e-06,KCNMA1,Potassium Calcium-Activated Channel Subfamily M Alpha 1,Protein Coding,Q12791,60,GC10M076869,59.06495285,https://www.genecards.org/cgi-bin/carddisp.pl?gene=KCNMA1
68,157,68,GRK3,157,Homo sapiens,G protein-coupled receptor kinase 3(GRK3),5.51e-06,GRK3,G Protein-Coupled Receptor Kinase 3,Protein Coding,P35626,55,GC22P075672,18.34017563,https://www.genecards.org/cgi-bin/carddisp.pl?gene=GRK3
64,153,64,ADRB1,153,Homo sapiens,adrenoceptor beta 1(ADRB1),5.18e-06,ADRB1,Adrenoceptor Beta 1,Protein Coding,P08588,61,GC10P115236,42.87500381,https://www.genecards.org/cgi-bin/carddisp.pl?gene=ADRB1
37,109,37,ADCY3,109,Homo sapiens,adenylate cyclase 3(ADCY3),4.21e-06,ADCY3,Adenylate Cyclase 3,Protein Coding,O60266,60,GC02M024819,29.80431747,https://www.genecards.org/cgi-bin/carddisp.pl?gene=ADCY3
1298,3559,1298,IL2RA,3559,Homo sapiens,interleukin 2 receptor subunit alpha(IL2RA),2.92e-06,IL2RA,Interleukin 2 Receptor Subunit Alpha,Protein Coding,P01589,63,GC10M006010,82.10186768,https://www.genecards.org/cgi-bin/carddisp.pl?gene=IL2RA
1299,3560,1299,IL2RB,3560,Homo sapiens,interleukin 2 receptor subunit beta(IL2RB),2.59e-06,IL2RB,Interleukin 2 Receptor Subunit Beta,Protein Coding,P14784,63,GC22M079329,46.36494446,https://www.genecards.org/cgi-bin/carddisp.pl?gene=IL2RB
1305,3586,1305,IL10,3586,Homo sapiens,interleukin 10(IL10),2.59e-06,IL10,Interleukin 10,Protein Coding,P22301,60,GC01M206767,130.4863281,https://www.genecards.org/cgi-bin/carddisp.pl?gene=IL10
172,8567,172,MADD,8567,Homo sapiens,MAP kinase activating death domain(MADD),9.7e-07,MADD,MAP Kinase Activating Death Domain,Protein Coding,Q8WXG6,57,GC11P048086,43.93310547,https://www.genecards.org/cgi-bin/carddisp.pl?gene=MADD
1665,5607,1665,MAP2K5,5607,Homo sapiens,mitogen-activated protein kinase kinase 5(MAP2K5),6.5e-07,MAP2K5,Mitogen-Activated Protein Kinase Kinase 5,Protein Coding,Q13163,57,GC15P166678,22.97375107,https://www.genecards.org/cgi-bin/carddisp.pl?gene=MAP2K5
1863,6351,1863,CCL4,6351,Homo sapiens,C-C motif chemokine ligand 4(CCL4),6.5e-07,CCL4,C-C Motif Chemokine Ligand 4,Protein Coding,P13236,53,GC17P036103,43.83812714,https://www.genecards.org/cgi-bin/carddisp.pl?gene=CCL4
1218,3098,1218,HK1,3098,Homo sapiens,hexokinase 1(HK1),6.5e-07,HK1,Hexokinase 1,Protein Coding,P19367,63,GC10P069269,55.77991486,https://www.genecards.org/cgi-bin/carddisp.pl?gene=HK1
